lcsc,Assembly Type,Assembly Type Batch,Assembly Process,Min Order Qty,Attrition Qty,Special Component Fee,Component Library Type,Describe
1002,smtWeld,smtWeld,SMT,20,6,0.0,base,
1015,smtWeld,smtWeld,SMT,20,10,0.0,base,
1017,smtWeld,smtWeld,SMT,20,10,0.0,base,-55℃~+125℃ 1 300mΩ 500mA 600Ω@100MHz ±25% 0805 Ferrite Beads ROHS
1034,smtWeld,smtWeld,SMT,20,10,0.0,expand,
1035,smtWeld,smtWeld,SMT,20,10,0.0,base,
1042,smtWeld,smtWeld,SMT,20,8,0.0,expand,
1043,smtWeld,smtWeld,SMT,20,10,0.0,expand,
1046,smtWeld,smtWeld,SMT,20,8,0.0,base,1.15Ω 10uH 15mA 24MHz 50@2MHz Multilayer inductor ±10% 0805 Inductors (SMD) ROHS
1049,smtWeld,smtWeld,SMT,20,10,0.0,expand,
1051,smtWeld,smtWeld,SMT,20,10,0.0,expand,
1523,smtWeld,smtWeld,SMT,20,10,0.0,base,
1525,smtWeld,smtWeld,SMT,20,10,0.0,base,
1527,smtWeld,smtWeld,SMT,20,12,0.0,expand,
1530,smtWeld,smtWeld,SMT,20,10,0.0,base,
1531,smtWeld,smtWeld,SMT,20,10,0.0,expand,
1532,smtWeld,smtWeld,SMT,20,10,0.0,base,
1537,smtWeld,smtWeld,SMT,20,10,0.0,expand,
1538,smtWeld,smtWeld,SMT,20,10,0.0,base,
1542,smtWeld,smtWeld,SMT,20,10,0.0,expand,50V 6.8nF X7R ±10% 0402 Multilayer Ceramic Capacitors MLCC - SMD/SMT ROHS
1546,smtWeld,smtWeld,SMT,20,10,0.0,base,
1547,smtWeld,smtWeld,SMT,20,10,0.0,base,
1548,smtWeld,smtWeld,SMT,20,10,0.0,base,
1549,smtWeld,smtWeld,SMT,20,10,0.0,base,
1550,smtWeld,smtWeld,SMT,20,10,0.0,expand,1pF 50V C0G 0402 Multilayer Ceramic Capacitors MLCC - SMD/SMT ROHS
1552,smtWeld,smtWeld,SMT,20,10,0.0,expand,
1554,smtWeld,smtWeld,SMT,20,10,0.0,base,
1555,smtWeld,smtWeld,SMT,20,10,0.0,base,
1557,smtWeld,smtWeld,SMT,20,10,0.0,expand,
1559,smtWeld,smtWeld,SMT,20,10,0.0,expand,
1561,smtWeld,smtWeld,SMT,20,10,0.0,expand,
1562,smtWeld,smtWeld,SMT,20,10,0.0,base,
1565,smtWeld,smtWeld,SMT,20,10,0.0,expand,
1567,smtWeld,smtWeld,SMT,20,10,0.0,base,
1569,smtWeld,smtWeld,SMT,20,10,0.0,expand,
1570,smtWeld,smtWeld,SMT,20,10,0.0,expand,
1576,smtWeld,smtWeld,SMT,20,10,0.0,expand,
1585,smtWeld,smtWeld,SMT,20,10,0.0,expand,
1588,smtWeld,smtWeld,SMT,20,10,0.0,base,
1594,smtWeld,smtWeld,SMT,20,10,0.0,base,
1595,smtWeld,smtWeld,SMT,20,10,0.0,expand,
1596,smtWeld,smtWeld,SMT,20,10,0.0,expand,
1600,smtWeld,smtWeld,SMT,20,10,0.0,expand,
1603,smtWeld,smtWeld,SMT,20,10,0.0,base,220pF 50V X7R ±10% 0603 Multilayer Ceramic Capacitors MLCC - SMD/SMT ROHS
1604,smtWeld,smtWeld,SMT,20,10,0.0,base,
1609,smtWeld,smtWeld,SMT,20,10,0.0,expand,
1613,smtWeld,smtWeld,SMT,20,10,0.0,base,
1615,smtWeld,smtWeld,SMT,20,10,0.0,expand,
1620,smtWeld,smtWeld,SMT,20,10,0.0,base,
1622,smtWeld,smtWeld,SMT,20,10,0.0,base,
1623,smtWeld,smtWeld,SMT,20,10,0.0,base,
1630,smtWeld,smtWeld,SMT,20,10,0.0,expand,
1631,smtWeld,smtWeld,SMT,20,10,0.0,base,
1634,smtWeld,smtWeld,SMT,20,10,0.0,base,
1644,smtWeld,smtWeld,SMT,20,10,0.0,base,
1647,smtWeld,smtWeld,SMT,20,10,0.0,base,
1648,smtWeld,smtWeld,SMT,20,10,0.0,base,
1653,smtWeld,smtWeld,SMT,20,10,0.0,base,
1658,smtWeld,smtWeld,SMT,20,10,0.0,base,
1663,smtWeld,smtWeld,SMT,20,10,0.0,base,
1664,smtWeld,smtWeld,SMT,20,10,0.0,base,
1669,smtWeld,smtWeld,SMT,20,10,0.0,expand,
1671,smtWeld,smtWeld,SMT,20,10,0.0,base,
1679,smtWeld,smtWeld,SMT,20,10,0.0,expand,50V 6.8pF C0G 0603 Multilayer Ceramic Capacitors MLCC - SMD/SMT ROHS
1685,smtWeld,smtWeld,SMT,20,10,0.0,expand,
1710,smtWeld,smtWeld,SMT,20,10,0.0,base,
1716,smtWeld,smtWeld,SMT,20,10,0.0,expand,
1717,smtWeld,smtWeld,SMT,20,10,0.0,expand,
1729,smtWeld,smtWeld,SMT,20,10,0.0,base,22nF 50V X7R ±10% 0805 Multilayer Ceramic Capacitors MLCC - SMD/SMT ROHS
1739,smtWeld,smtWeld,SMT,20,10,0.0,base,
1740,smtWeld,smtWeld,SMT,20,10,0.0,expand,
1743,smtWeld,smtWeld,SMT,20,10,0.0,base,
1744,smtWeld,smtWeld,SMT,20,10,0.0,base,
1755,smtWeld,smtWeld,SMT,20,10,0.0,expand,
1779,smtWeld,smtWeld,SMT,20,10,0.0,base,
1790,smtWeld,smtWeld,SMT,20,10,0.0,base,
1792,smtWeld,smtWeld,SMT,20,10,0.0,expand,
1797,smtWeld,smtWeld,SMT,20,10,0.0,expand,
1798,smtWeld,smtWeld,SMT,20,8,0.0,base,
1804,smtWeld,smtWeld,SMT,20,10,0.0,base,22pF 50V C0G ±5% 0805 Multilayer Ceramic Capacitors MLCC - SMD/SMT ROHS
1846,smtWeld,smtWeld,SMT,20,10,0.0,base,
1848,smtWeld,smtWeld,SMT,15,4,0.0,base,
1857,smtWeld,smtWeld,SMT,15,8,0.0,expand,
1980,smtWeld,smtWeld,SMT,1,2,0.0,base,
2128,smtWeld,smtWeld,SMT,20,10,0.0,base,
2145,smtWeld,smtWeld,SMT,10,5,0.0,base,
2146,smtWeld,smtWeld,SMT,10,5,0.0,base,
2149,smtWeld,smtWeld,SMT,10,5,0.0,expand,
2150,smtWeld,smtWeld,SMT,10,5,0.0,base,
2286,smtWeld,smtWeld,SMT,20,10,0.0,base,
2290,smtWeld,smtWeld,SMT,20,10,0.0,base,
2296,smtWeld,smtWeld,SMT,20,10,0.0,base,
2297,smtWeld,smtWeld,SMT,20,10,0.0,base,
2480,smtWeld,smtWeld,SMT,5,10,0.0,base,
2488,smtWeld,smtWeld,SMT,10,5,0.0,base,
2500,smtWeld,smtWeld,SMT,10,5,0.0,base,
3113,smtWeld,smtWeld,SMT,5,4,0.0,base,
4109,smtWeld,smtWeld,SMT,20,10,0.0,base,
4172,smtWeld,smtWeld,SMT,20,10,0.0,expand,
4177,smtWeld,smtWeld,SMT,20,10,0.0,base,
4184,smtWeld,smtWeld,SMT,20,10,0.0,base,
4190,smtWeld,smtWeld,SMT,20,10,0.0,base,
4197,smtWeld,smtWeld,SMT,20,10,0.0,expand,
4211,smtWeld,smtWeld,SMT,20,10,0.0,base,
4216,smtWeld,smtWeld,SMT,20,10,0.0,base,
4260,smtWeld,smtWeld,SMT,20,10,0.0,base,
4275,smtWeld,smtWeld,SMT,20,10,0.0,base,
4310,smtWeld,smtWeld,SMT,20,10,0.0,base,-55℃~+155℃ 1.5kΩ 125mW 150V Thick Film Resistor ±1% ±100ppm/℃ 0805 Chip Resistor - Surface Mount ROHS
4328,smtWeld,smtWeld,SMT,20,10,0.0,base,-55℃~+155℃ 125mW 150V 20kΩ Thick Film Resistor ±1% ±100ppm/℃ 0805 Chip Resistor - Surface Mount ROHS
4360,smtWeld,smtWeld,SMT,20,10,0.0,expand,
4382,smtWeld,smtWeld,SMT,20,10,0.0,base,
4410,smtWeld,smtWeld,SMT,15,4,0.0,base,
5377,smtWeld,smtWeld,SMT,5,1,0.0,expand,-55℃~+150℃ 1.1V@1A 10uA@1kV 1A 1kV 30A Single-Phase Rectifier DBS Bridge Rectifiers ROHS
5378,smtWeld,smtWeld,SMT,20,10,0.0,base,
5446,smtWeld,smtWeld,SMT,5,2,0.0,base,
5590,smtWeld,smtWeld,SMT,1,0,0.0,expand,"-40℃~+125℃ 1 1.5V~4.2V 1.9V、3.7V、5.2V 100mV、400mV、400mV 14ns@6V,50pF 2V~6V 2uA 5.2mA 5.2mA 500mV~1.8V 6 74HC SOIC-14 Inverters ROHS"
5593,smtWeld,smtWeld,SMT,1,0,0.0,expand,
5605,smtWeld,smtWeld,SMT,1,0,0.0,base,
5613,smtWeld,smtWeld,SMT,1,0,0.0,expand,
5625,smtWeld,smtWeld,SMT,1,0,0.0,expand,"-40℃~+125℃ 1 160uA 2V~6V 7.8mA 7.8mA 74HC 8 9ns@4.5V,50pF Bidirectional Tri-State SOIC-20-300mil Buffers, Drivers, Receivers, Transceivers ROHS"
5672,smtWeld,smtWeld,SMT,5,8,0.0,expand,
5947,smtWeld,smtWeld,SMT,1,0,0.0,base,
6186,smtWeld,smtWeld,SMT,2,0,0.0,base,
6187,smtWeld,smtWeld,SMT,5,2,0.0,base,
6482,smtWeld,smtWeld,SMT,1,0,0.0,expand,
6521,smtWeld,smtWeld,SMT,1,0,0.0,expand,
6568,smtWeld,smtWeld,SMT,1,0,0.0,expand,
6649,smtWeld,smtWeld,SMT,5,4,0.0,expand,
6749,smtWeld,smtWeld,SMT,10,5,0.0,base,
6855,smtWeld,smtWeld,SMT,1,0,0.0,base,
6952,smtWeld,smtWeld,SMT,1,0,0.0,expand,
6961,smtWeld,smtWeld,SMT,1,0,0.0,base,
7063,smtWeld,smtWeld,SMT,1,0,0.0,expand,
7171,smtWeld,smtWeld,SMT,5,2,0.0,base,
7250,smtWeld,smtWeld,SMT,20,10,0.0,base,
7377,smtWeld,smtWeld,SMT,1,0,0.0,expand,
7426,smtWeld,smtWeld,SMT,1,0,0.0,base,
7433,smtWeld,smtWeld,SMT,1,0,0.0,base,
7440,smtWeld,smtWeld,SMT,1,0,0.0,expand,
7512,smtWeld,smtWeld,SMT,1,0,0.0,base,
7532,smtWeld,smtWeld,SMT,1,0,0.0,expand,
7562,smtWeld,smtWeld,SMT,1,0,0.0,expand,
7593,smtWeld,smtWeld,SMT,1,0,0.0,expand,
7722,smtWeld,smtWeld,SMT,5,0,0.0,expand,
7859,smtWeld,smtWeld,SMT,1,0,0.0,expand,
7881,smtWeld,smtWeld,SMT,1,0,0.0,expand,
7950,smtWeld,smtWeld,SMT,1,0,0.0,base,
7955,smtWeld,smtWeld,SMT,1,0,0.0,base,
7972,smtWeld,smtWeld,SMT,5,4,0.0,expand,
8218,smtWeld,smtWeld,SMT,20,10,0.0,base,
8254,smtWeld,smtWeld,SMT,1,0,0.0,expand,
8326,smtWeld,smtWeld,SMT,10,4,0.0,base,
8492,smtWeld,smtWeld,SMT,10,5,0.0,expand,
8512,smtWeld,smtWeld,SMT,10,5,0.0,base,
8542,smtWeld,smtWeld,SMT,10,5,0.0,base,-55℃~+150℃ 1 PNP 1.5A 100MHz 100nA 200 25V 300mW 500mV 5V PNP SOT-23 Bipolar (BJT) ROHS
8543,smtWeld,smtWeld,SMT,10,5,0.0,base,
8545,smtWeld,smtWeld,SMT,10,5,0.0,base,
8598,smtWeld,smtWeld,SMT,20,8,0.0,base,
8678,smtWeld,smtWeld,SMT,5,8,0.0,base,
8734,smtWeld,smtWeld,SMT,1,0,0.0,expand,-40℃~+85℃ 12bit 20KB 2V~3.6V 32 Bit 37 64KB 72MHz ARM Cortex-M3 Built-in FLASH LQFP-48(7x7) Microcontrollers (MCU/MPU/SOC) ROHS
8959,smtWeld,smtWeld,SMT,1,0,0.0,expand,
8963,smtWeld,smtWeld,SMT,1,0,0.0,base,-40℃~+85℃ 1 1 10Mbps 2mA 3.3V 32 Half-Duplex Transceiver SOIC-8 RS-485 / RS-422 ICs ROHS
9002,smtWeld,smtWeld,SMT,5,2,0.0,base,
9006,smtWeld,smtWeld,SMT,5,4,0.0,base,
9196,smtWeld,smtWeld,SMT,5,10,0.0,base,
9634,smtWeld,smtWeld,SMT,5,4,0.0,base,
9669,smtWeld,smtWeld,SMT,1,0,0.0,expand,
9683,smtWeld,smtWeld,SMT,1,0,0.0,expand,
9861,smtWeld,smtWeld,SMT,1,0,0.0,expand,
9864,smtWeld,smtWeld,SMT,1,0,0.0,base,
9865,smtWeld,smtWeld,SMT,1,0,0.0,expand,
10002,smtWeld,smtWeld,SMT,1,0,0.0,expand,
10487,smtWeld,smtWeld,SMT,5,4,0.0,base,
11616,smtWeld,smtWeld,SMT,20,10,0.0,expand,
11702,smtWeld,smtWeld,SMT,20,10,0.0,base,
12044,smtWeld,smtWeld,SMT,5,2,0.0,expand,
12084,smtWeld,smtWeld,SMT,1,0,0.0,expand,
12447,smtWeld,smtWeld,SMT,20,10,0.0,expand,
12530,smtWeld,smtWeld,SMT,20,10,0.0,base,
12674,smtWeld,smtWeld,SMT,2,1,0.0,base,
12891,smtWeld,smtWeld,SMT,5,4,0.0,base,
13167,smtWeld,smtWeld,SMT,20,10,0.0,base,
13320,smtWeld,smtWeld,SMT,20,10,0.0,expand,
13415,smtWeld,smtWeld,SMT,20,6,0.0,expand,
13482,smtWeld,smtWeld,SMT,5,0,0.0,base,
13533,smtWeld,smtWeld,SMT,20,10,0.0,expand,
13585,smtWeld,smtWeld,SMT,5,4,0.0,base,
13738,smtWeld,smtWeld,SMT,5,4,0.0,base,
13967,smtWeld,smtWeld,SMT,20,10,0.0,base,
14033,smtWeld,smtWeld,SMT,20,10,0.0,expand,
14289,smtWeld,smtWeld,SMT,5,2,0.0,base,
14441,smtWeld,smtWeld,SMT,20,12,0.0,expand,
14663,smtWeld,smtWeld,SMT,20,10,0.0,base,
14857,smtWeld,smtWeld,SMT,20,10,0.0,base,
14858,smtWeld,smtWeld,SMT,20,10,0.0,base,
14877,smtWeld,smtWeld,SMT,1,0,0.0,expand,
14996,smtWeld,smtWeld,SMT,5,8,0.0,base,
15008,smtWeld,smtWeld,SMT,5,4,0.0,base,
15127,smtWeld,smtWeld,SMT,5,4,0.0,base,
15195,smtWeld,smtWeld,SMT,20,10,0.0,base,10nF 50V X7R ±10% 0402 Multilayer Ceramic Capacitors MLCC - SMD/SMT ROHS
15525,smtWeld,smtWeld,SMT,20,10,0.0,base,
15849,smtWeld,smtWeld,SMT,20,10,0.0,base,
15850,smtWeld,smtWeld,SMT,20,10,0.0,base,10uF 25V X5R ±10% 0805 Multilayer Ceramic Capacitors MLCC - SMD/SMT ROHS
15879,smtWeld,smtWeld,SMT,5,2,0.0,expand,
16106,smtWeld,smtWeld,SMT,5,2,0.0,expand,
16133,smtWeld,smtWeld,SMT,5,2,0.0,base,
16581,smtWeld,smtWeld,SMT,1,0,0.0,expand,
16772,smtWeld,smtWeld,SMT,20,10,0.0,base,
16780,smtWeld,smtWeld,SMT,5,6,0.0,base,47uF 6.3V X5R ±20% 0805 Multilayer Ceramic Capacitors MLCC - SMD/SMT ROHS
17168,smtWeld,smtWeld,SMT,20,10,0.0,base,
17379,smtWeld,smtWeld,SMT,20,10,0.0,base,
17398,smtWeld,smtWeld,SMT,20,10,0.0,expand,
17408,smtWeld,smtWeld,SMT,20,10,0.0,base,
17414,smtWeld,smtWeld,SMT,20,10,0.0,base,
17415,smtWeld,smtWeld,SMT,20,6,0.0,base,
17429,smtWeld,smtWeld,SMT,20,10,0.0,expand,
17436,smtWeld,smtWeld,SMT,20,10,0.0,expand,
17437,smtWeld,smtWeld,SMT,20,10,0.0,base,
17444,smtWeld,smtWeld,SMT,20,10,0.0,base,
17455,smtWeld,smtWeld,SMT,20,10,0.0,expand,
17470,smtWeld,smtWeld,SMT,20,10,0.0,base,
17471,smtWeld,smtWeld,SMT,20,10,0.0,base,
17475,smtWeld,smtWeld,SMT,20,6,0.0,base,-55℃~+155℃ 125mW 150V 15kΩ Thick Film Resistor ±1% ±100ppm/℃ 0805 Chip Resistor - Surface Mount ROHS
17477,smtWeld,smtWeld,SMT,20,10,0.0,base,
17480,smtWeld,smtWeld,SMT,20,10,0.0,expand,
17490,smtWeld,smtWeld,SMT,20,10,0.0,expand,
17501,smtWeld,smtWeld,SMT,20,10,0.0,expand,
17506,smtWeld,smtWeld,SMT,20,10,0.0,expand,
17513,smtWeld,smtWeld,SMT,20,10,0.0,base,
17514,smtWeld,smtWeld,SMT,20,6,0.0,base,-55℃~+155℃ 125mW 150V 1MΩ Thick Film Resistor ±1% ±100ppm/℃ 0805 Chip Resistor - Surface Mount ROHS
17520,smtWeld,smtWeld,SMT,20,10,0.0,base,
17521,smtWeld,smtWeld,SMT,20,10,0.0,base,
17526,smtWeld,smtWeld,SMT,20,10,0.0,base,-55℃~+155℃ 125mW 150V 2.4kΩ Thick Film Resistor ±1% ±100ppm/℃ 0805 Chip Resistor - Surface Mount ROHS
17530,smtWeld,smtWeld,SMT,20,10,0.0,base,
17539,smtWeld,smtWeld,SMT,20,10,0.0,base,
17540,smtWeld,smtWeld,SMT,20,10,0.0,base,
17544,smtWeld,smtWeld,SMT,20,10,0.0,base,
17556,smtWeld,smtWeld,SMT,20,10,0.0,base,
17557,smtWeld,smtWeld,SMT,20,10,0.0,base,
17560,smtWeld,smtWeld,SMT,20,10,0.0,base,
17561,smtWeld,smtWeld,SMT,20,10,0.0,base,
17572,smtWeld,smtWeld,SMT,20,10,0.0,expand,
17575,smtWeld,smtWeld,SMT,20,10,0.0,base,
17589,smtWeld,smtWeld,SMT,20,10,0.0,expand,-55℃~+155℃ 125mW 150V 270kΩ Thick Film Resistor ±1% ±100ppm/℃ 0805 Chip Resistor - Surface Mount ROHS
17590,smtWeld,smtWeld,SMT,20,10,0.0,expand,
17593,smtWeld,smtWeld,SMT,20,10,0.0,base,-55℃~+155℃ 125mW 150V 27kΩ Thick Film Resistor ±1% ±100ppm/℃ 0805 Chip Resistor - Surface Mount ROHS
17594,smtWeld,smtWeld,SMT,20,10,0.0,expand,
17604,smtWeld,smtWeld,SMT,20,10,0.0,base,
17606,smtWeld,smtWeld,SMT,20,12,0.0,expand,
17614,smtWeld,smtWeld,SMT,20,10,0.0,base,
17616,smtWeld,smtWeld,SMT,20,10,0.0,expand,
17617,smtWeld,smtWeld,SMT,20,10,0.0,base,
17621,smtWeld,smtWeld,SMT,20,10,0.0,base,
17629,smtWeld,smtWeld,SMT,20,10,0.0,expand,
17630,smtWeld,smtWeld,SMT,20,10,0.0,base,
17633,smtWeld,smtWeld,SMT,20,10,0.0,base,
17634,smtWeld,smtWeld,SMT,20,10,0.0,base,
17655,smtWeld,smtWeld,SMT,20,10,0.0,base,
17656,smtWeld,smtWeld,SMT,20,10,0.0,expand,
17661,smtWeld,smtWeld,SMT,20,6,0.0,base,
17667,smtWeld,smtWeld,SMT,20,10,0.0,expand,
17673,smtWeld,smtWeld,SMT,20,6,0.0,base,
17675,smtWeld,smtWeld,SMT,20,10,0.0,base,
17677,smtWeld,smtWeld,SMT,20,10,0.0,expand,
17695,smtWeld,smtWeld,SMT,20,10,0.0,expand,
17709,smtWeld,smtWeld,SMT,20,10,0.0,base,
17710,smtWeld,smtWeld,SMT,20,10,0.0,base,-55℃~+155℃ 125mW 150V 470Ω Thick Film Resistor ±1% ±100ppm/℃ 0805 Chip Resistor - Surface Mount ROHS
17713,smtWeld,smtWeld,SMT,20,10,0.0,base,
17714,smtWeld,smtWeld,SMT,20,10,0.0,base,
17719,smtWeld,smtWeld,SMT,20,10,0.0,expand,
17720,smtWeld,smtWeld,SMT,20,10,0.0,base,
17724,smtWeld,smtWeld,SMT,20,10,0.0,base,
17733,smtWeld,smtWeld,SMT,20,10,0.0,expand,
17734,smtWeld,smtWeld,SMT,20,10,0.0,base,
17737,smtWeld,smtWeld,SMT,20,10,0.0,base,
17738,smtWeld,smtWeld,SMT,20,10,0.0,base,
17756,smtWeld,smtWeld,SMT,20,10,0.0,expand,
17757,smtWeld,smtWeld,SMT,20,10,0.0,expand,
17767,smtWeld,smtWeld,SMT,20,10,0.0,expand,
17772,smtWeld,smtWeld,SMT,20,10,0.0,base,
17783,smtWeld,smtWeld,SMT,20,10,0.0,expand,
17797,smtWeld,smtWeld,SMT,20,10,0.0,expand,
17798,smtWeld,smtWeld,SMT,20,10,0.0,base,
17801,smtWeld,smtWeld,SMT,20,10,0.0,base,
17802,smtWeld,smtWeld,SMT,20,10,0.0,expand,
17807,smtWeld,smtWeld,SMT,20,10,0.0,expand,
17818,smtWeld,smtWeld,SMT,20,10,0.0,expand,-55℃~+155℃ 125mW 150V 750Ω Thick Film Resistor ±1% ±100ppm/℃ 0805 Chip Resistor - Surface Mount ROHS
17819,smtWeld,smtWeld,SMT,20,10,0.0,expand,
17828,smtWeld,smtWeld,SMT,20,10,0.0,base,
17837,smtWeld,smtWeld,SMT,20,10,0.0,expand,
17840,smtWeld,smtWeld,SMT,20,10,0.0,expand,
17855,smtWeld,smtWeld,SMT,20,10,0.0,expand,
17887,smtWeld,smtWeld,SMT,15,4,0.0,base,
17888,smtWeld,smtWeld,SMT,15,10,0.0,base,
17900,smtWeld,smtWeld,SMT,15,4,0.0,base,
17901,smtWeld,smtWeld,SMT,15,10,0.0,base,
17902,smtWeld,smtWeld,SMT,15,10,0.0,base,
17903,smtWeld,smtWeld,SMT,15,10,0.0,base,
17909,smtWeld,smtWeld,SMT,15,10,0.0,base,
17924,smtWeld,smtWeld,SMT,15,10,0.0,expand,
17927,smtWeld,smtWeld,SMT,15,10,0.0,base,
17928,smtWeld,smtWeld,SMT,15,4,0.0,base,
17936,smtWeld,smtWeld,SMT,15,10,0.0,base,
17944,smtWeld,smtWeld,SMT,15,10,0.0,base,
17955,smtWeld,smtWeld,SMT,15,4,0.0,base,
17958,smtWeld,smtWeld,SMT,15,10,0.0,base,
17985,smtWeld,smtWeld,SMT,15,10,0.0,expand,
18229,smtWeld,smtWeld,SMT,1,0,0.0,expand,
18359,smtWeld,smtWeld,SMT,20,10,0.0,expand,
19666,smtWeld,smtWeld,SMT,20,10,0.0,base,
19702,smtWeld,smtWeld,SMT,20,10,0.0,base,
20197,smtWeld,smtWeld,SMT,1,2,0.0,base,
20526,smtWeld,smtWeld,SMT,10,5,0.0,base,
20638,smtWeld,smtWeld,SMT,20,10,0.0,expand,
20917,smtWeld,smtWeld,SMT,5,4,0.0,base,
21117,smtWeld,smtWeld,SMT,20,10,0.0,base,
21120,smtWeld,smtWeld,SMT,20,10,0.0,base,
21122,smtWeld,smtWeld,SMT,20,10,0.0,base,
21189,smtWeld,smtWeld,SMT,20,10,0.0,base,
21190,smtWeld,smtWeld,SMT,20,10,0.0,base,
21379,smtWeld,smtWeld,SMT,1,0,0.0,expand,
22107,smtWeld,smtWeld,SMT,15,4,0.0,expand,
22452,smtWeld,smtWeld,SMT,5,4,0.0,base,-55℃~+125℃ 1mA@40V 40V 550mV@5A 5A Independent SMA(DO-214AC) Schottky Diodes ROHS
22764,smtWeld,smtWeld,SMT,20,10,0.0,expand,
22765,smtWeld,smtWeld,SMT,20,10,0.0,base,
22775,smtWeld,smtWeld,SMT,20,10,0.0,base,
22787,smtWeld,smtWeld,SMT,20,10,0.0,base,
22790,smtWeld,smtWeld,SMT,20,10,0.0,base,
22795,smtWeld,smtWeld,SMT,20,10,0.0,expand,
22797,smtWeld,smtWeld,SMT,20,10,0.0,base,
22807,smtWeld,smtWeld,SMT,20,10,0.0,base,
22808,smtWeld,smtWeld,SMT,20,10,0.0,base,-55℃~+155℃ 100mW 150Ω 75V Thick Film Resistor ±1% ±100ppm/℃ 0603 Chip Resistor - Surface Mount ROHS
22809,smtWeld,smtWeld,SMT,20,10,0.0,base,
22810,smtWeld,smtWeld,SMT,20,10,0.0,expand,
22813,smtWeld,smtWeld,SMT,20,10,0.0,expand,-55℃~+155℃ 100mW 160kΩ 75V Thick Film Resistor ±1% ±100ppm/℃ 0603 Chip Resistor - Surface Mount ROHS
22818,smtWeld,smtWeld,SMT,20,10,0.0,expand,
22827,smtWeld,smtWeld,SMT,20,10,0.0,expand,
22828,smtWeld,smtWeld,SMT,20,10,0.0,expand,-55℃~+155℃ 100mW 180Ω 75V Thick Film Resistor ±1% ±100ppm/℃ 0603 Chip Resistor - Surface Mount ROHS
22843,smtWeld,smtWeld,SMT,20,10,0.0,base,
22859,smtWeld,smtWeld,SMT,20,10,0.0,base,
22935,smtWeld,smtWeld,SMT,20,10,0.0,base,
22936,smtWeld,smtWeld,SMT,20,10,0.0,base,
22938,smtWeld,smtWeld,SMT,20,10,0.0,expand,
22939,smtWeld,smtWeld,SMT,20,10,0.0,base,
22940,smtWeld,smtWeld,SMT,20,10,0.0,base,
22950,smtWeld,smtWeld,SMT,20,10,0.0,base,
22961,smtWeld,smtWeld,SMT,20,10,0.0,base,
22962,smtWeld,smtWeld,SMT,20,10,0.0,base,
22965,smtWeld,smtWeld,SMT,20,10,0.0,expand,
22966,smtWeld,smtWeld,SMT,20,10,0.0,base,
22967,smtWeld,smtWeld,SMT,20,10,0.0,base,
22975,smtWeld,smtWeld,SMT,20,10,0.0,base,
22976,smtWeld,smtWeld,SMT,20,10,0.0,base,
22977,smtWeld,smtWeld,SMT,20,10,0.0,base,
22978,smtWeld,smtWeld,SMT,20,10,0.0,base,
22980,smtWeld,smtWeld,SMT,20,10,0.0,base,
22984,smtWeld,smtWeld,SMT,20,10,0.0,base,
23018,smtWeld,smtWeld,SMT,20,10,0.0,base,
23024,smtWeld,smtWeld,SMT,20,10,0.0,base,
23025,smtWeld,smtWeld,SMT,20,10,0.0,base,
23046,smtWeld,smtWeld,SMT,20,10,0.0,base,-55℃~+155℃ 100mW 4.99kΩ 75V Thick Film Resistor ±1% ±100ppm/℃ 0603 Chip Resistor - Surface Mount ROHS
23137,smtWeld,smtWeld,SMT,20,10,0.0,base,
23138,smtWeld,smtWeld,SMT,20,10,0.0,base,
23140,smtWeld,smtWeld,SMT,20,10,0.0,base,
23146,smtWeld,smtWeld,SMT,20,10,0.0,expand,
23147,smtWeld,smtWeld,SMT,20,10,0.0,expand,
23150,smtWeld,smtWeld,SMT,20,10,0.0,expand,
23151,smtWeld,smtWeld,SMT,20,10,0.0,base,-55℃~+155℃ 100mW 390Ω 75V Thick Film Resistor ±1% ±100ppm/℃ 0603 Chip Resistor - Surface Mount ROHS
23153,smtWeld,smtWeld,SMT,20,10,0.0,base,
23156,smtWeld,smtWeld,SMT,20,10,0.0,expand,
23159,smtWeld,smtWeld,SMT,20,10,0.0,expand,
23162,smtWeld,smtWeld,SMT,20,10,0.0,base,
23163,smtWeld,smtWeld,SMT,20,10,0.0,expand,
23164,smtWeld,smtWeld,SMT,20,10,0.0,base,
23170,smtWeld,smtWeld,SMT,20,10,0.0,expand,
23172,smtWeld,smtWeld,SMT,20,10,0.0,expand,
23178,smtWeld,smtWeld,SMT,20,10,0.0,base,
23179,smtWeld,smtWeld,SMT,20,10,0.0,base,
23182,smtWeld,smtWeld,SMT,20,10,0.0,base,
23184,smtWeld,smtWeld,SMT,20,10,0.0,base,
23185,smtWeld,smtWeld,SMT,20,10,0.0,base,
23186,smtWeld,smtWeld,SMT,20,10,0.0,base,
23189,smtWeld,smtWeld,SMT,20,10,0.0,base,
23192,smtWeld,smtWeld,SMT,20,10,0.0,base,
23193,smtWeld,smtWeld,SMT,20,10,0.0,base,-55℃~+155℃ 100mW 510Ω 75V Thick Film Resistor ±1% ±100ppm/℃ 0603 Chip Resistor - Surface Mount ROHS
23196,smtWeld,smtWeld,SMT,20,10,0.0,base,
23197,smtWeld,smtWeld,SMT,20,10,0.0,base,
23203,smtWeld,smtWeld,SMT,20,10,0.0,expand,
23204,smtWeld,smtWeld,SMT,20,10,0.0,base,
23206,smtWeld,smtWeld,SMT,20,10,0.0,base,
23212,smtWeld,smtWeld,SMT,20,10,0.0,base,
23220,smtWeld,smtWeld,SMT,20,10,0.0,expand,
23221,smtWeld,smtWeld,SMT,20,10,0.0,expand,
23228,smtWeld,smtWeld,SMT,20,10,0.0,base,
23231,smtWeld,smtWeld,SMT,20,10,0.0,base,
23234,smtWeld,smtWeld,SMT,20,10,0.0,base,
23240,smtWeld,smtWeld,SMT,20,10,0.0,expand,
23241,smtWeld,smtWeld,SMT,20,10,0.0,expand,
23242,smtWeld,smtWeld,SMT,20,10,0.0,base,
23253,smtWeld,smtWeld,SMT,20,10,0.0,base,
23254,smtWeld,smtWeld,SMT,20,10,0.0,base,
23255,smtWeld,smtWeld,SMT,20,12,0.0,expand,
23260,smtWeld,smtWeld,SMT,20,10,0.0,base,
23265,smtWeld,smtWeld,SMT,20,10,0.0,expand,
23345,smtWeld,smtWeld,SMT,20,10,0.0,base,
23350,smtWeld,smtWeld,SMT,20,10,0.0,expand,
23352,smtWeld,smtWeld,SMT,20,10,0.0,base,-55℃~+155℃ 100mW 24kΩ 75V Thick Film Resistor ±1% ±100ppm/℃ 0603 Chip Resistor - Surface Mount ROHS
23630,smtWeld,smtWeld,SMT,20,10,0.0,base,
23733,smtWeld,smtWeld,SMT,20,10,0.0,base,
23922,smtWeld,smtWeld,SMT,1,0,0.0,expand,
24112,smtWeld,smtWeld,SMT,1,0,0.0,expand,
24278,smtWeld,smtWeld,SMT,5,4,0.0,expand,
24497,smtWeld,smtWeld,SMT,15,8,0.0,base,
25076,smtWeld,smtWeld,SMT,20,10,0.0,base,
25077,smtWeld,smtWeld,SMT,20,10,0.0,base,
25079,smtWeld,smtWeld,SMT,20,10,0.0,base,-55℃~+155℃ 120Ω 50V 62.5mW Thick Film Resistor ±1% ±100ppm/℃ 0402 Chip Resistor - Surface Mount ROHS
25082,smtWeld,smtWeld,SMT,20,10,0.0,expand,
25086,smtWeld,smtWeld,SMT,20,10,0.0,expand,
25087,smtWeld,smtWeld,SMT,20,10,0.0,base,
25091,smtWeld,smtWeld,SMT,20,10,0.0,base,
25092,smtWeld,smtWeld,SMT,20,10,0.0,base,
25102,smtWeld,smtWeld,SMT,20,10,0.0,expand,
25104,smtWeld,smtWeld,SMT,20,10,0.0,base,
25105,smtWeld,smtWeld,SMT,20,10,0.0,base,-55℃~+155℃ 33Ω 50V 62.5mW Thick Film Resistor ±1% ±100ppm/℃ 0402 Chip Resistor - Surface Mount ROHS
25117,smtWeld,smtWeld,SMT,20,10,0.0,base,
25118,smtWeld,smtWeld,SMT,20,12,0.0,expand,
25120,smtWeld,smtWeld,SMT,20,10,0.0,base,
25123,smtWeld,smtWeld,SMT,20,12,0.0,base,
25125,smtWeld,smtWeld,SMT,20,10,0.0,expand,
25130,smtWeld,smtWeld,SMT,20,10,0.0,expand,
25133,smtWeld,smtWeld,SMT,20,10,0.0,expand,
25190,smtWeld,smtWeld,SMT,20,10,0.0,expand,
25194,smtWeld,smtWeld,SMT,20,10,0.0,expand,
25196,smtWeld,smtWeld,SMT,20,10,0.0,expand,
25197,smtWeld,smtWeld,SMT,20,10,0.0,base,
25270,smtWeld,smtWeld,SMT,20,10,0.0,expand,-55℃~+155℃ 125mW 150V 180Ω Thick Film Resistor ±1% ±100ppm/℃ 0805 Chip Resistor - Surface Mount ROHS
25271,smtWeld,smtWeld,SMT,20,10,0.0,base,-55℃~+155℃ 125mW 150V 1Ω Thick Film Resistor ±1% ±200ppm/℃ 0805 Chip Resistor - Surface Mount ROHS
25334,smtWeld,smtWeld,SMT,15,10,0.0,base,
25510,smtWeld,smtWeld,SMT,1,2,0.0,expand,
25725,smtWeld,smtWeld,SMT,20,10,0.0,expand,"10kΩ 4 62.5mW 8 ±200ppm/℃ ±5% 0402x4 Resistor Networks, Arrays ROHS"
25741,smtWeld,smtWeld,SMT,20,10,0.0,base,
25744,smtWeld,smtWeld,SMT,20,10,0.0,base,-55℃~+155℃ 10kΩ 50V 62.5mW Thick Film Resistor ±1% ±100ppm/℃ 0402 Chip Resistor - Surface Mount ROHS
25750,smtWeld,smtWeld,SMT,20,10,0.0,expand,
25752,smtWeld,smtWeld,SMT,20,10,0.0,base,
25755,smtWeld,smtWeld,SMT,20,10,0.0,expand,
25756,smtWeld,smtWeld,SMT,20,10,0.0,base,
25762,smtWeld,smtWeld,SMT,20,10,0.0,expand,
25764,smtWeld,smtWeld,SMT,20,10,0.0,base,
25765,smtWeld,smtWeld,SMT,20,10,0.0,base,
25767,smtWeld,smtWeld,SMT,20,10,0.0,expand,
25768,smtWeld,smtWeld,SMT,20,10,0.0,base,
25769,smtWeld,smtWeld,SMT,20,10,0.0,expand,
25771,smtWeld,smtWeld,SMT,20,10,0.0,expand,
25774,smtWeld,smtWeld,SMT,20,10,0.0,expand,
25778,smtWeld,smtWeld,SMT,20,10,0.0,expand,
25779,smtWeld,smtWeld,SMT,20,10,0.0,base,
25783,smtWeld,smtWeld,SMT,20,10,0.0,expand,
25790,smtWeld,smtWeld,SMT,20,10,0.0,expand,
25792,smtWeld,smtWeld,SMT,20,10,0.0,base,
25794,smtWeld,smtWeld,SMT,20,10,0.0,base,
25796,smtWeld,smtWeld,SMT,20,10,0.0,expand,
25798,smtWeld,smtWeld,SMT,20,10,0.0,expand,
25803,smtWeld,smtWeld,SMT,20,10,0.0,base,
25804,smtWeld,smtWeld,SMT,20,10,0.0,base,
25805,smtWeld,smtWeld,SMT,20,10,0.0,expand,
25808,smtWeld,smtWeld,SMT,20,10,0.0,base,
25810,smtWeld,smtWeld,SMT,20,10,0.0,base,
25811,smtWeld,smtWeld,SMT,20,10,0.0,base,
25819,smtWeld,smtWeld,SMT,20,10,0.0,base,
25822,smtWeld,smtWeld,SMT,20,10,0.0,expand,
25826,smtWeld,smtWeld,SMT,20,10,0.0,expand,
25862,smtWeld,smtWeld,SMT,20,10,0.0,expand,
25867,smtWeld,smtWeld,SMT,20,10,0.0,base,
25879,smtWeld,smtWeld,SMT,20,10,0.0,base,
25882,smtWeld,smtWeld,SMT,20,10,0.0,expand,
25890,smtWeld,smtWeld,SMT,20,10,0.0,base,
25897,smtWeld,smtWeld,SMT,20,10,0.0,expand,
25900,smtWeld,smtWeld,SMT,20,10,0.0,base,
25905,smtWeld,smtWeld,SMT,20,10,0.0,base,-55℃~+155℃ 5.1kΩ 50V 62.5mW Thick Film Resistor ±1% ±100ppm/℃ 0402 Chip Resistor - Surface Mount ROHS
25908,smtWeld,smtWeld,SMT,20,10,0.0,expand,
25917,smtWeld,smtWeld,SMT,20,10,0.0,expand,
25918,smtWeld,smtWeld,SMT,20,10,0.0,expand,
25924,smtWeld,smtWeld,SMT,20,10,0.0,expand,
25950,smtWeld,smtWeld,SMT,20,10,0.0,expand,
25969,smtWeld,smtWeld,SMT,20,10,0.0,expand,
25981,smtWeld,smtWeld,SMT,20,10,0.0,base,
26010,smtWeld,smtWeld,SMT,20,10,0.0,base,
26082,smtWeld,smtWeld,SMT,20,10,0.0,expand,
26083,smtWeld,smtWeld,SMT,20,10,0.0,base,
26108,smtWeld,smtWeld,SMT,20,10,0.0,expand,
26112,smtWeld,smtWeld,SMT,20,10,0.0,expand,-55℃~+155℃ 125mW 150V 2MΩ Thick Film Resistor ±1% ±100ppm/℃ 0805 Chip Resistor - Surface Mount ROHS
26113,smtWeld,smtWeld,SMT,20,10,0.0,expand,
26404,smtWeld,smtWeld,SMT,20,10,0.0,expand,
26860,smtWeld,smtWeld,SMT,1,0,0.0,expand,
27143,smtWeld,smtWeld,SMT,20,12,0.0,expand,
27147,smtWeld,smtWeld,SMT,20,10,0.0,expand,
27592,smtWeld,smtWeld,SMT,20,10,0.0,expand,-55℃~+155℃ 100mW 68Ω 75V Thick Film Resistor ±1% ±100ppm/℃ 0603 Chip Resistor - Surface Mount ROHS
27834,smtWeld,smtWeld,SMT,20,10,0.0,base,
28233,smtWeld,smtWeld,SMT,20,10,0.0,base,
28260,smtWeld,smtWeld,SMT,5,4,0.0,base,
28262,smtWeld,smtWeld,SMT,20,10,0.0,expand,
28323,smtWeld,smtWeld,SMT,20,10,0.0,base,
28636,smtWeld,smtWeld,SMT,20,10,0.0,base,
29718,smtWeld,smtWeld,SMT,1,2,0.0,base,
29823,smtWeld,smtWeld,SMT,5,8,0.0,base,
29981,smtWeld,smtWeld,SMT,5,4,0.0,expand,
30274,smtWeld,smtWeld,SMT,20,10,0.0,expand,
31658,smtWeld,smtWeld,SMT,20,10,0.0,expand,50V 68nF X7R ±10% 0603 Multilayer Ceramic Capacitors MLCC - SMD/SMT ROHS
31850,smtWeld,smtWeld,SMT,20,10,0.0,base,
32078,smtWeld,smtWeld,SMT,1,0,0.0,expand,
32346,smtWeld,smtWeld,SMT,5,0,0.0,base,
32375,smtWeld,smtWeld,SMT,20,8,0.0,expand,1.1Ω 16MHz 22uH 30@1MHz 5mA Multilayer inductor ±10% 0805 Inductors (SMD) ROHS
32565,smtWeld,smtWeld,SMT,5,2,0.0,expand,"-55℃~+110℃ 1.2V 100mV@10mA,1mA 130% 260% 3.75kV 3us 50mA 50mA 5us 6V 80V DC Phototransistor SSOP-4-1.27mm Transistor, Photovoltaic Output Optoisolators ROHS"
32574,smtWeld,smtWeld,SMT,5,2,0.0,expand,-40℃~+85℃ 1 4.2V 450mA 45uA 4V~9V Charging IC Lithium Battery Not supported Not supported SOT-23-5 Battery Management ROHS
32677,smtWeld,smtWeld,SMT,5,0,0.0,base,
32949,smtWeld,smtWeld,SMT,20,10,0.0,base,10pF 50V C0G ±5% 0402 Multilayer Ceramic Capacitors MLCC - SMD/SMT ROHS
34465,smtWeld,smtWeld,SMT,1,0,0.0,expand,
34499,smtWeld,smtWeld,SMT,20,8,0.0,base,
35216,smtWeld,smtWeld,SMT,5,4,0.0,expand,
35722,smtWeld,smtWeld,SMT,2,0,0.0,expand,
36871,smtWeld,smtWeld,SMT,20,10,0.0,expand,
37474,smtWeld,smtWeld,SMT,20,10,0.0,expand,
37704,smtWeld,smtWeld,SMT,10,5,0.0,expand,
38523,smtWeld,smtWeld,SMT,20,10,0.0,base,
39148,smtWeld,smtWeld,SMT,20,10,0.0,expand,
45783,smtWeld,smtWeld,SMT,2,0,0.0,base,
46219,smtWeld,smtWeld,SMT,20,10,0.0,expand,
46653,smtWeld,smtWeld,SMT,20,10,0.0,base,
47339,smtWeld,smtWeld,SMT,20,12,0.0,expand,
49678,smtWeld,smtWeld,SMT,20,10,0.0,base,
50254,smtWeld,smtWeld,SMT,5,8,0.0,base,2.2uF 50V X7R ±10% 1206 Multilayer Ceramic Capacitors MLCC - SMD/SMT ROHS
51721,smtWeld,smtWeld,SMT,20,10,0.0,expand,
52717,smtWeld,smtWeld,SMT,1,0,0.0,expand,
52923,smtWeld,smtWeld,SMT,20,10,0.0,base,
53134,smtWeld,smtWeld,SMT,20,10,0.0,base,
53987,smtWeld,smtWeld,SMT,20,10,0.0,base,
57112,smtWeld,smtWeld,SMT,20,10,0.0,base,10nF 50V X7R ±10% 0603 Multilayer Ceramic Capacitors MLCC - SMD/SMT ROHS
58069,smtWeld,smtWeld,SMT,2,0,0.0,base,
59461,smtWeld,smtWeld,SMT,20,10,0.0,base,
61063,smtWeld,smtWeld,SMT,1,0,0.0,base,-40℃~+85℃ 1 150kHz 2A 2mA 4.5V~40V 5V Buck Buck Built-in Fixed No SOIC-8 DC-DC Converters ROHS
64885,smtWeld,smtWeld,SMT,15,10,0.0,expand,-55℃~+125℃ 1.5A 1mA@40V 25A 40V 600mV@1A Standalone SOD-123 Schottky Diodes ROHS
64886,smtWeld,smtWeld,SMT,20,8,0.0,expand,
64898,smtWeld,smtWeld,SMT,20,10,0.0,base,
68035,smtWeld,smtWeld,SMT,5,4,0.0,expand,
68978,smtWeld,smtWeld,SMT,10,5,0.0,base,
71035,smtWeld,smtWeld,SMT,1,0,0.0,base,
71136,smtWeld,smtWeld,SMT,5,4,0.0,base,
72038,smtWeld,smtWeld,SMT,20,8,0.0,expand,
72043,smtWeld,smtWeld,SMT,20,6,0.0,expand,
74192,smtWeld,smtWeld,SMT,1,0,0.0,expand,-40℃~+85℃ 1 1.23V~37V 127kHz~173kHz 2A 2mA 4.5V~40V Adjustable Buck Buck Built-in No SOIC-8 DC-DC Converters ROHS
75501,smtWeld,smtWeld,SMT,5,2,0.0,expand,
75510,smtWeld,smtWeld,SMT,2,0,0.0,expand,
76590,smtWeld,smtWeld,SMT,20,10,0.0,expand,2.7pF 25V C0G 0201 Multilayer Ceramic Capacitors MLCC - SMD/SMT ROHS
78395,smtWeld,smtWeld,SMT,5,2,0.0,base,10.5V 1uA 5.8V 58.1A 6.45V 600W Bidirectional TVS SMB(DO-214AA) ESD and Surge Protection (TVS/ESD) ROHS
79988,smtWeld,smtWeld,SMT,1,0,0.0,expand,
81598,smtWeld,smtWeld,SMT,15,10,0.0,base,
84256,smtWeld,smtWeld,SMT,20,10,0.0,base,
85364,smtWeld,smtWeld,SMT,5,0,0.0,expand,
95872,smtWeld,smtWeld,SMT,5,10,0.0,base,
96123,smtWeld,smtWeld,SMT,5,4,0.0,base,
96446,smtWeld,smtWeld,SMT,20,8,0.0,base,10uF 25V X5R ±20% 0603 Multilayer Ceramic Capacitors MLCC - SMD/SMT ROHS
97521,smtWeld,smtWeld,SMT,1,0,0.0,base,
101470,smtWeld,smtWeld,SMT,20,6,0.0,expand,
102076,smtWeld,smtWeld,SMT,15,4,0.0,expand,-55℃~+125℃ 1.2MΩ 200V 250mW Thick Film Resistor ±1% ±100ppm/℃ 1206 Chip Resistor - Surface Mount ROHS
105432,smtWeld,smtWeld,SMT,10,5,0.0,base,
106900,smtWeld,smtWeld,SMT,2,0,0.0,expand,
107045,smtWeld,smtWeld,SMT,20,10,0.0,expand,
107110,smtWeld,smtWeld,SMT,20,12,0.0,expand,15pF 50V NP0 ±5% 0805 Multilayer Ceramic Capacitors MLCC - SMD/SMT ROHS
107114,smtWeld,smtWeld,SMT,20,10,0.0,expand,
107115,smtWeld,smtWeld,SMT,20,12,0.0,expand,
107145,smtWeld,smtWeld,SMT,20,10,0.0,base,
110020,smtWeld,smtWeld,SMT,1,0,0.0,expand,
112574,smtWeld,smtWeld,SMT,5,0,0.0,expand,
115764,smtWeld,smtWeld,SMT,1,0,0.0,expand,
115962,smtWeld,smtWeld,SMT,5,0,0.0,base,
131821,smtWeld,smtWeld,SMT,20,6,0.0,expand,
142300,smtWeld,smtWeld,SMT,5,0,0.0,expand,
149504,smtWeld,smtWeld,SMT,20,10,0.0,base,
154598,smtWeld,smtWeld,SMT,1,0,0.0,expand,
156307,manualWeld,manualWeld,THT,5,0,0.0,expand,
177045,smtWeld,smtWeld,SMT,5,0,0.0,expand,-55℃~+150℃ 1 PNP 1.5A 100nA 180 180MHz 330mV 40V 7V 806mW PNP SOT-23 Bipolar (BJT) ROHS
177086,manualWeld,manualWeld,THT,5,0,0.0,expand,
179353,smtWeld,smtWeld,SMT,2,0,0.0,expand,
179439,smtWeld,smtWeld,SMT,5,0,0.0,expand,
179593,smtWeld,smtWeld,SMT,5,2,0.0,expand,
210465,manualWeld,manualWeld,THT,2,1,0.0,expand,
191023,smtWeld,smtWeld,SMT,20,10,0.0,base,
220787,smtWeld,smtWeld,SMT,1,0,0.0,expand,-40℃~+85℃ 1.8V~5.5V 10bit 12MHz 16KB 18 1KB 256Byte 8 Bit AVR Built-in FLASH SOIC-20-300mil Microcontrollers (MCU/MPU/SOC) ROHS
231048,smtWeld,smtWeld,SMT,5,2,0.0,expand,
233584,smtWeld,smtWeld,SMT,1,0,0.0,expand,
241823,smtWeld,smtWeld,SMT,1,0,0.0,expand,
255741,smtWeld,smtWeld,SMT,1,0,0.0,expand,
296127,smtWeld,smtWeld,SMT,10,4,0.0,expand,
307331,smtWeld,smtWeld,SMT,20,10,0.0,base,100nF 50V X7R ±10% 0402 Multilayer Ceramic Capacitors MLCC - SMD/SMT ROHS
318884,smtWeld,smtWeld,SMT,5,5,0.0,base,
321194,smtWeld,smtWeld,SMT,20,10,0.0,expand,
322169,smtWeld,smtWeld,SMT,20,6,0.0,expand,-55℃~+155℃ 100mW 4.12Ω 50V Thick Film Resistor ±1% ±250ppm/℃ 0603 Chip Resistor - Surface Mount ROHS
341511,smtWeld,smtWeld,SMT,20,10,0.0,expand,
358681,smtWeld,smtWeld,SMT,1,0,0.0,expand,
360353,manualWeld,manualWeld,THT,2,0,0.0,expand,33pF 3kV 6mm 6mm 7.5mm SL ±5% 插件 Through Hole Ceramic Capacitors ROHS
364310,smtWeld,smtWeld,SMT,10,5,0.0,expand,
364312,smtWeld,smtWeld,SMT,10,5,0.0,expand,
377773,smtWeld,smtWeld,SMT,20,8,0.0,base,
380359,smtWeld,smtWeld,SMT,5,4,0.0,expand,
408396,smtWeld,smtWeld,SMT,10,5,0.0,expand,
412437,smtWeld,smtWeld,SMT,5,10,0.0,base,
427383,smtWeld,smtWeld,SMT,5,5,0.0,expand,
427390,smtWeld,smtWeld,SMT,10,5,0.0,expand,
427391,smtWeld,smtWeld,SMT,10,5,0.0,expand,
431710,smtWeld,smtWeld,SMT,10,5,0.0,expand,
437156,smtWeld,smtWeld,SMT,20,6,0.0,expand,
437564,smtWeld,smtWeld,SMT,5,2,0.0,expand,
440198,smtWeld,smtWeld,SMT,5,0,0.0,base,10uF 50V X5R ±10% 0805 Multilayer Ceramic Capacitors MLCC - SMD/SMT ROHS
459293,smtWeld,smtWeld,SMT,1,0,0.0,expand,
460639,smtWeld,smtWeld,SMT,2,0,0.0,expand,
461091,smtWeld,smtWeld,SMT,5,0,0.0,expand,
463680,smtWeld,smtWeld,SMT,2,0,0.0,expand,
471601,smtWeld,smtWeld,SMT,1,0,0.0,expand,-40℃~+125℃ 0 150Kbps 150kV/us 3000 3V~5.5V 3V~5.5V 3us 4 Fail-safe output、Multi-voltage domain interface High Level SOIC-16-N Digital Isolators ROHS
474422,smtWeld,smtWeld,SMT,20,10,0.0,expand,
476385,smtWeld,smtWeld,SMT,5,0,0.0,expand,
484513,manualWeld,manualWeld,THT,2,2,0.0,expand,-55℃~+150℃ 1 N-channel 1.2A 11.5Ω@10V 150pF 1W 4V 4pF 600V 6nC@10V TO-92 MOSFETs ROHS
485694,smtWeld,smtWeld,SMT,1,0,0.0,expand,
489243,smtWeld,smtWeld,SMT,5,0,0.0,expand,
497914,smtWeld,smtWeld,SMT,2,0,0.0,expand,
504132,smtWeld,smtWeld,SMT,1,0,0.0,expand,
507849,smtWeld,smtWeld,SMT,5,0,0.0,expand,
518889,manualWeld,manualWeld,THT,2,0,0.0,expand,
524645,smtWeld,smtWeld,SMT,5,2,0.0,expand,100mΩ 10nH 600mA Unshielded Inductor ±5% 0805 Power Inductors ROHS
525743,manualWeld,manualWeld,THT,2,0,0.0,expand,
528626,smtWeld,smtWeld,SMT,1,0,0.0,expand,-40℃~+85℃ 1.4uA 2.2V~32V 2~7 Lithium Battery Protection IC、Balancing IC SMBus Support VQFN-32(4x4) Battery Management ROHS
576393,smtWeld,smtWeld,SMT,5,2,0.0,expand,
577364,smtWeld,smtWeld,SMT,20,8,0.0,expand,
600856,smtWeld,smtWeld,SMT,1,0,0.0,expand,
636034,smtWeld,smtWeld,SMT,1,0,0.0,expand,
636300,smtWeld,smtWeld,SMT,1,0,0.0,expand,
636421,smtWeld,smtWeld,SMT,1,0,0.0,expand,
637214,smtWeld,smtWeld,SMT,1,0,0.0,expand,
707255,manualWeld,manualWeld,THT,2,0,0.0,expand,
719499,smtWeld,smtWeld,SMT,1,0,0.0,expand,
780826,smtWeld,smtWeld,SMT,5,0,0.0,expand,-55℃~+150℃ 1.4W 10.5nC@4.5V 119pF 12V 1V 2 N-Channel 5.6A 65mΩ@1.5V 914pF UDFN2020-6 MOSFETs ROHS
780899,manualWeld,manualWeld,THT,5,0,0.0,expand,
840162,manualWeld,manualWeld,THT,5,5,0.0,expand,
880331,smtWeld,smtWeld,SMT,1,0,0.0,expand,
880350,smtWeld,smtWeld,SMT,1,0,0.0,expand,HTSSOP-16 AC-DC Controllers and Regulators ROHS
907741,smtWeld,smtWeld,SMT,20,10,0.0,expand,100nF 6.3V ±10% 0201 Multilayer Ceramic Capacitors MLCC - SMD/SMT ROHS
913748,smtWeld,smtWeld,SMT,5,5,0.0,expand,
913768,smtWeld,smtWeld,SMT,20,8,0.0,expand,
965926,smtWeld,smtWeld,SMT,5,2,0.0,expand,-55℃~+155℃ 2W 470Ω 500V Thick Film Resistor ±100ppm/℃ ±5% 2512 Chip Resistor - Surface Mount ROHS
1322360,smtWeld,smtWeld,SMT,20,12,0.0,base,
1323289,smtWeld,smtWeld,SMT,5,4,0.0,expand,-65℃~+150℃ 1 100nA 12V 17V 4A@8/20us 68W@8/20us 8.5pF 8V IEC 61000-4-2 TVS X3-DFN0603-2 ESD and Surge Protection (TVS/ESD) ROHS
1884530,smtWeld,smtWeld,SMT,2,0,0.0,expand,
2688588,smtWeld,smtWeld,SMT,1,0,0.0,expand,
2691401,smtWeld,smtWeld,SMT,1,0,0.0,expand,
2758765,smtWeld,smtWeld,SMT,20,10,0.0,expand,
2760575,smtWeld,smtWeld,SMT,10,4,0.0,expand,
2761708,manualWeld,manualWeld,THT,2,0,0.0,expand,
2761725,manualWeld,manualWeld,THT,2,2,0.0,expand,
2775047,smtWeld,smtWeld,SMT,15,4,0.0,expand,
2798204,manualWeld,manualWeld,THT,1,0,0.0,expand,
2803550,manualWeld,manualWeld,THT,2,1,0.0,expand,
2826895,manualWeld,manualWeld,THT,1,0,0.0,expand,
2827354,smtWeld,smtWeld,SMT,2,0,0.0,expand,
2827387,smtWeld,smtWeld,SMT,5,2,0.0,expand,
2827415,smtWeld,smtWeld,SMT,2,0,0.0,expand,"220uH 700mA 779mΩ 850mA ±20% SMD,8x8mm Power Inductors ROHS"
2827458,manualWeld,manualWeld,THT,2,0,0.0,expand,
2828435,smtWeld,smtWeld,SMT,10,4,0.0,expand,1.25V@150mA 150mA 2 Pair Series Connection 2.5uA@75V 200mW 2A 4ns 75V SOT-363 Switching Diodes ROHS
2828756,smtWeld,smtWeld,SMT,5,4,0.0,expand,
2828769,smtWeld,smtWeld,SMT,5,4,0.0,expand,
2829399,smtWeld,smtWeld,SMT,5,2,0.0,expand,
2829400,smtWeld,smtWeld,SMT,5,2,0.0,expand,
2829996,manualWeld,manualWeld,THT,2,0,0.0,expand,
2830529,smtWeld,smtWeld,SMT,5,0,0.0,expand,-40℃~+110℃ 120° 2.8cd 20mA 3.05V Blue SMD3528-2P LED Indication - Discrete ROHS
2831458,smtWeld,smtWeld,SMT,5,0,0.0,expand,
2833277,manualWeld,manualWeld,THT,5,5,0.0,expand,
2837894,manualWeld,manualWeld,THT,2,0,0.0,expand,
2838983,smtWeld,smtWeld,SMT,5,2,0.0,expand,
2839965,smtWeld,smtWeld,SMT,2,0,0.0,expand,
2841137,manualWeld,manualWeld,THT,2,0,0.0,expand,
2841497,manualWeld,manualWeld,THT,2,0,0.0,expand,"-40℃~+105℃ 120uF 18mm 3000hrs@105℃ 36mm 450V ±20% 插件,D18xL36mm Aluminum Electrolytic Capacitors - Leaded ROHS"
2841501,manualWeld,manualWeld,THT,2,0,0.0,expand,
2842272,smtWeld,smtWeld,SMT,1,0,0.0,expand,
2842780,smtWeld,smtWeld,SMT,5,4,0.0,expand,
2843315,smtWeld,smtWeld,SMT,5,2,0.0,expand,
2843464,smtWeld,smtWeld,SMT,5,2,0.0,expand,
2843728,manualWeld,manualWeld,THT,2,0,0.0,expand,-65℃~+150℃ 1 Pair Common Cathode 100uA@45V 150A 20A 45V 840mV@20A TO-220 Schottky Diodes ROHS
2844308,smtWeld,smtWeld,SMT,5,5,0.0,expand,
2844384,smtWeld,smtWeld,SMT,20,6,0.0,expand,
2844914,smtWeld,smtWeld,SMT,20,10,0.0,expand,
2844915,manualWeld,manualWeld,THT,5,5,0.0,expand,
2844916,manualWeld,manualWeld,THT,5,5,0.0,expand,
2845202,smtWeld,smtWeld,SMT,20,10,0.0,expand,
2847017,smtWeld,smtWeld,SMT,10,4,0.0,expand,
2847087,manualWeld,manualWeld,THT,5,5,0.0,expand,
2847095,smtWeld,smtWeld,SMT,20,10,0.0,expand,
2847100,manualWeld,manualWeld,THT,5,5,0.0,expand,
2847592,smtWeld,smtWeld,SMT,5,2,0.0,expand,
2848658,manualWeld,manualWeld,THT,2,0,0.0,expand,
2848660,manualWeld,manualWeld,THT,2,0,0.0,expand,
2848678,smtWeld,smtWeld,SMT,5,2,0.0,expand,
2849465,smtWeld,smtWeld,SMT,5,2,0.0,expand,
2857161,smtWeld,smtWeld,SMT,1,0,0.0,expand,
2857871,smtWeld,smtWeld,SMT,2,0,0.0,expand,
2857994,smtWeld,smtWeld,SMT,20,6,0.0,expand,
2858862,smtWeld,smtWeld,SMT,1,0,0.0,expand,"100A 2.2uH 2.5mΩ 30A ±20% SMD,28x27mm Power Inductors ROHS"
2859537,manualWeld,manualWeld,THT,1,0,0.0,expand,-55℃~+150℃ 1 Pair Common Cathode 10uA@200V 200V 30A 35ns 950mV@15A TO-247AD Fast Recovery / High Efficiency Diodes ROHS
2874045,manualWeld,manualWeld,THT,5,0,0.0,expand,
2874047,manualWeld,manualWeld,THT,5,0,0.0,expand,
2875244,smtWeld,smtWeld,SMT,5,2,0.0,expand,
2875374,manualWeld,manualWeld,THT,2,0,0.0,expand,
2875376,manualWeld,manualWeld,THT,2,0,0.0,expand,
2875379,manualWeld,manualWeld,THT,2,0,0.0,expand,
2875380,manualWeld,manualWeld,THT,2,0,0.0,expand,"-40℃~+125℃ 1nF Y2 ±20% 插件,P=7.5mm Safety Capacitors ROHS"
2875615,smtWeld,smtWeld,SMT,5,2,0.0,expand,
2875675,smtWeld,smtWeld,SMT,2,0,0.0,expand,
2880035,smtWeld,smtWeld,SMT,5,2,0.0,expand,
2885075,manualWeld,manualWeld,THT,2,0,0.0,expand,
2886026,smtWeld,smtWeld,SMT,5,4,0.0,expand,
2886301,manualWeld,manualWeld,THT,5,5,0.0,expand,
2886720,manualWeld,manualWeld,THT,2,1,0.0,expand,
2887192,manualWeld,manualWeld,THT,2,0,0.0,expand,
2887205,manualWeld,manualWeld,THT,2,0,0.0,expand,
2891286,manualWeld,manualWeld,THT,2,0,0.0,expand,
2891308,smtWeld,smtWeld,SMT,5,2,0.0,expand,
2891786,smtWeld,smtWeld,SMT,15,4,0.0,expand,
2891869,manualWeld,manualWeld,THT,5,5,0.0,expand,
2892573,smtWeld,smtWeld,SMT,20,6,0.0,expand,
2892662,smtWeld,smtWeld,SMT,5,2,0.0,expand,
2892323,smtWeld,smtWeld,SMT,15,4,0.0,expand,
2893246,manualWeld,manualWeld,THT,2,0,0.0,expand,
2895080,manualWeld,manualWeld,THT,2,0,0.0,expand,
2895790,manualWeld,manualWeld,THT,2,0,0.0,expand,
2895820,manualWeld,manualWeld,THT,2,0,0.0,expand,"-55℃~+105℃ 1000uF 10mm 12mm 16V 2000hrs 5mm ±20% 插件,D10xL12mm Polymer Aluminum Capacitors ROHS"
2896029,manualWeld,manualWeld,THT,2,2,0.0,expand,
2896031,manualWeld,manualWeld,THT,2,2,0.0,expand,
2896032,manualWeld,manualWeld,THT,2,2,0.0,expand,
2896034,manualWeld,manualWeld,THT,5,5,0.0,expand,
2896045,manualWeld,manualWeld,THT,2,2,0.0,expand,
2896105,manualWeld,manualWeld,THT,2,0,0.0,expand,
2896106,manualWeld,manualWeld,THT,2,0,0.0,expand,
2896116,manualWeld,manualWeld,THT,2,0,0.0,expand,
2896120,manualWeld,manualWeld,THT,2,0,0.0,expand,
2896122,manualWeld,manualWeld,THT,2,2,0.0,expand,
2896123,manualWeld,manualWeld,THT,2,2,0.0,expand,
2896177,manualWeld,manualWeld,THT,2,2,0.0,expand,
2896182,manualWeld,manualWeld,THT,2,2,0.0,expand,
2896196,manualWeld,manualWeld,THT,2,1,0.0,expand,"1kV 1nF 5mm Y5P ±10% 插件,P=5mm Through Hole Ceramic Capacitors ROHS"
2896199,manualWeld,manualWeld,THT,2,1,0.0,expand,
2896222,manualWeld,manualWeld,THT,2,0,0.0,expand,
2896227,manualWeld,manualWeld,THT,2,0,0.0,expand,
2896252,manualWeld,manualWeld,THT,2,0,0.0,expand,
2896255,manualWeld,manualWeld,THT,2,0,0.0,expand,
2896257,manualWeld,manualWeld,THT,5,5,0.0,expand,
2896259,manualWeld,manualWeld,THT,5,5,0.0,expand,
2896260,manualWeld,manualWeld,THT,2,0,0.0,expand,
2896262,manualWeld,manualWeld,THT,2,0,0.0,expand,
2896327,manualWeld,manualWeld,THT,2,1,0.0,expand,
2896328,manualWeld,manualWeld,THT,5,5,0.0,expand,"22pF 2kV 5mm SL ±10% 插件,P=5mm Through Hole Ceramic Capacitors ROHS"
2896329,manualWeld,manualWeld,THT,5,5,0.0,expand,
2896336,manualWeld,manualWeld,THT,2,1,0.0,expand,
2896353,manualWeld,manualWeld,THT,2,1,0.0,expand,
2896365,manualWeld,manualWeld,THT,2,1,0.0,expand,"220pF 2kV 5mm 6.8mm ±10% 插件,P=5mm Through Hole Ceramic Capacitors ROHS"
2896385,manualWeld,manualWeld,THT,5,5,0.0,expand,
2896387,manualWeld,manualWeld,THT,2,0,0.0,expand,
2896388,manualWeld,manualWeld,THT,2,0,0.0,expand,
2896390,manualWeld,manualWeld,THT,2,0,0.0,expand,"1kV 2.2nF 7.5mm Y5P ±10% 插件,P=7.5mm Through Hole Ceramic Capacitors ROHS"
2896397,manualWeld,manualWeld,THT,2,0,0.0,expand,"1kV 2.2nF 5mm X7R ±10% 插件,P=5mm Through Hole Ceramic Capacitors ROHS"
2896489,manualWeld,manualWeld,THT,2,2,0.0,expand,
2896508,manualWeld,manualWeld,THT,2,1,0.0,expand,
2896509,manualWeld,manualWeld,THT,2,1,0.0,expand,
2896510,manualWeld,manualWeld,THT,5,5,0.0,expand,
2896512,manualWeld,manualWeld,THT,5,5,0.0,expand,
2896513,manualWeld,manualWeld,THT,5,5,0.0,expand,
2896514,manualWeld,manualWeld,THT,2,1,0.0,expand,
2896541,manualWeld,manualWeld,THT,2,0,0.0,expand,
2898363,smtWeld,smtWeld,SMT,15,4,0.0,expand,
2898651,manualWeld,manualWeld,THT,2,0,0.0,expand,
2898685,smtWeld,smtWeld,SMT,10,4,0.0,expand,
2898934,smtWeld,smtWeld,SMT,2,0,0.0,expand,
2901344,smtWeld,smtWeld,SMT,2,0,0.0,expand,
2903680,smtWeld,smtWeld,SMT,20,10,0.0,expand,
2903906,smtWeld,smtWeld,SMT,20,6,0.0,expand,
2903907,smtWeld,smtWeld,SMT,15,4,0.0,expand,
2903912,smtWeld,smtWeld,SMT,15,4,0.0,expand,
2903950,smtWeld,smtWeld,SMT,5,2,0.0,expand,
2906867,smtWeld,smtWeld,SMT,20,10,0.0,expand,
2906941,smtWeld,smtWeld,SMT,20,10,0.0,expand,
2907046,smtWeld,smtWeld,SMT,20,6,0.0,expand,
2907560,smtWeld,smtWeld,SMT,5,2,0.0,expand,
2908833,smtWeld,smtWeld,SMT,2,0,0.0,expand,
2914779,manualWeld,manualWeld,THT,2,0,0.0,expand,
2917883,smtWeld,smtWeld,SMT,2,0,0.0,expand,
2919195,manualWeld,manualWeld,THT,2,0,0.0,expand,
2919213,manualWeld,manualWeld,THT,2,0,0.0,expand,
2919214,manualWeld,manualWeld,THT,2,0,0.0,expand,
2919216,manualWeld,manualWeld,THT,2,0,0.0,expand,
2919217,manualWeld,manualWeld,THT,5,5,0.0,expand,"-40℃~+125℃ 4.7nF 400V、400V CQC、UL、VDE、KC X1,Y1 ±20% 插件,P=10mm Safety Capacitors ROHS"
2919233,manualWeld,manualWeld,THT,5,5,0.0,expand,"150V 200V 240V 395V 5mm 800A 插件,P=5mm Varistors ROHS"
2919236,manualWeld,manualWeld,THT,2,0,0.0,expand,
2919238,manualWeld,manualWeld,THT,2,0,0.0,expand,
2919298,manualWeld,manualWeld,THT,2,0,0.0,expand,"1.75kA 356V 468V 560V 8mm 925V 插件,P=8mm Varistors ROHS"
2919311,manualWeld,manualWeld,THT,2,0,0.0,expand,
2919314,manualWeld,manualWeld,THT,2,0,0.0,expand,
2919318,manualWeld,manualWeld,THT,2,0,0.0,expand,
2919344,manualWeld,manualWeld,THT,2,0,0.0,expand,
2919348,manualWeld,manualWeld,THT,2,0,0.0,expand,"1.12kV 2.5kA 420V 565V 680V 7.5mm 插件,P=7.5mm Varistors ROHS"
2919361,manualWeld,manualWeld,THT,2,0,0.0,expand,
2919363,manualWeld,manualWeld,THT,2,0,0.0,expand,
2919380,manualWeld,manualWeld,THT,2,0,0.0,expand,
2919388,manualWeld,manualWeld,THT,5,5,0.0,expand,
2919408,manualWeld,manualWeld,THT,2,0,0.0,expand,
2919410,manualWeld,manualWeld,THT,5,5,0.0,expand,
2919429,manualWeld,manualWeld,THT,5,5,0.0,expand,"-40℃~+170℃ 13mW/℃ 2800K 55s 5Ω 6A 7.5mm ±20% 插件,P=7.5mm NTC Thermistors ROHS"
2919430,manualWeld,manualWeld,THT,5,0,0.0,expand,
2919431,manualWeld,manualWeld,THT,5,0,0.0,expand,"-40℃~+170℃ 10mm 5Ω ±20% 插件,P=10mm NTC Thermistors ROHS"
2919432,manualWeld,manualWeld,THT,5,5,0.0,expand,
2919433,manualWeld,manualWeld,THT,2,0,0.0,expand,
2919435,manualWeld,manualWeld,THT,2,0,0.0,expand,
2919440,manualWeld,manualWeld,THT,5,5,0.0,expand,
2919446,manualWeld,manualWeld,THT,5,5,0.0,expand,
2919662,manualWeld,manualWeld,THT,2,0,0.0,expand,
2919736,smtWeld,smtWeld,SMT,15,4,0.0,expand,
2922161,manualWeld,manualWeld,THT,5,0,0.0,expand,
2922170,smtWeld,smtWeld,SMT,15,4,0.0,expand,
2922174,smtWeld,smtWeld,SMT,5,2,0.0,expand,
2922180,smtWeld,smtWeld,SMT,15,4,0.0,expand,
2922181,smtWeld,smtWeld,SMT,5,2,0.0,expand,
2922182,smtWeld,smtWeld,SMT,5,2,0.0,expand,
2922183,smtWeld,smtWeld,SMT,5,2,0.0,expand,
2922789,smtWeld,smtWeld,SMT,5,2,0.0,expand,
2923784,manualWeld,manualWeld,THT,5,5,0.0,expand,
2923844,manualWeld,manualWeld,THT,2,0,0.0,expand,
2924827,smtWeld,smtWeld,SMT,2,0,0.0,expand,"22uH 38mΩ 4.95A 5.12A Magnetic Shielded Inductor ±20% SMD,12.5x12.5mm Power Inductors ROHS"
2924957,smtWeld,smtWeld,SMT,5,4,0.0,expand,
2925441,smtWeld,smtWeld,SMT,5,4,0.0,expand,-55℃~+150℃ 12.4A 1uA 30V 33.3V 48.4V 600W Bidirectional IEC 61000-4-2 TVS SMB(DO-214AA) ESD and Surge Protection (TVS/ESD) ROHS
2925443,smtWeld,smtWeld,SMT,5,8,0.0,expand,
2925451,smtWeld,smtWeld,SMT,5,4,0.0,expand,10.3V 58.3A 6.67V 600W 6V 800uA Bidirectional IEC 61000-4-2 TVS SMB(DO-214AA) ESD and Surge Protection (TVS/ESD) ROHS
2926148,smtWeld,smtWeld,SMT,10,4,0.0,expand,
2927596,smtWeld,smtWeld,SMT,2,0,0.0,expand,
2929991,smtWeld,smtWeld,SMT,20,10,0.0,expand,
2929995,smtWeld,smtWeld,SMT,20,10,0.0,expand,
2930002,smtWeld,smtWeld,SMT,20,10,0.0,expand,
2930016,smtWeld,smtWeld,SMT,20,6,0.0,expand,
2930023,smtWeld,smtWeld,SMT,20,6,0.0,expand,
2930082,smtWeld,smtWeld,SMT,20,6,0.0,expand,-55℃~+155℃ 100mW 26.7kΩ 75V Thick Film Resistor ±1% ±100ppm/℃ 0603 Chip Resistor - Surface Mount ROHS
2930112,smtWeld,smtWeld,SMT,20,6,0.0,expand,
2930114,smtWeld,smtWeld,SMT,20,6,0.0,expand,
2930116,smtWeld,smtWeld,SMT,20,6,0.0,expand,
2930221,smtWeld,smtWeld,SMT,20,6,0.0,expand,
2930272,smtWeld,smtWeld,SMT,20,6,0.0,expand,
2930384,smtWeld,smtWeld,SMT,15,4,0.0,expand,
2930429,smtWeld,smtWeld,SMT,15,4,0.0,expand,
2932743,smtWeld,smtWeld,SMT,15,4,0.0,expand,
2932754,smtWeld,smtWeld,SMT,15,4,0.0,expand,
2932771,smtWeld,smtWeld,SMT,20,6,0.0,expand,
2933370,smtWeld,smtWeld,SMT,20,6,0.0,expand,
2933384,smtWeld,smtWeld,SMT,20,6,0.0,expand,
2933461,smtWeld,smtWeld,SMT,20,6,0.0,expand,
2933499,smtWeld,smtWeld,SMT,20,6,0.0,expand,
2933675,smtWeld,smtWeld,SMT,15,4,0.0,expand,
2934341,smtWeld,smtWeld,SMT,5,2,0.0,expand,-55℃~+155℃ 100mΩ 200V 750mW Thick Film Resistor ±1% ±1200ppm/℃ 1812 Chip Resistor - Surface Mount ROHS
2934388,smtWeld,smtWeld,SMT,15,4,0.0,expand,
2934850,smtWeld,smtWeld,SMT,10,4,0.0,expand,-65℃~+150℃@(Tj) 1 Pair Series Connection 1.25V@150mA 160mA 250mW 3us 5nA@75V 85V SOT-23 Switching Diodes ROHS
2935077,smtWeld,smtWeld,SMT,20,10,0.0,expand,
2935146,smtWeld,smtWeld,SMT,5,2,0.0,expand,-40℃~+125℃ 18A@8/20us 190pF 2uA 400W 5.25V 6.1V 6.1V ESD Four channels IEC 61000-4-2 Unidirectional SOT-23-5L ESD and Surge Protection (TVS/ESD) ROHS
2935357,manualWeld,manualWeld,THT,2,0,0.0,expand,
2935551,smtWeld,smtWeld,SMT,5,0,0.0,expand,
2935615,smtWeld,smtWeld,SMT,5,0,0.0,expand,
2936159,smtWeld,smtWeld,SMT,2,0,0.0,expand,
2936988,smtWeld,smtWeld,SMT,5,4,0.0,expand,
2937527,manualWeld,manualWeld,THT,2,0,0.0,expand,
2939935,manualWeld,manualWeld,THT,1,0,0.0,expand,
2943729,manualWeld,manualWeld,THT,2,0,0.0,expand,
2943867,smtWeld,smtWeld,SMT,5,1,0.0,expand,
2947443,smtWeld,smtWeld,SMT,1,0,0.0,expand,
2960604,manualWeld,manualWeld,THT,5,5,0.0,expand,
2961329,smtWeld,smtWeld,SMT,2,0,0.0,expand,"3.5A 47uH 5A 90mΩ ±20% SMD,14.5x13.5x6.5mm Power Inductors ROHS"
2961921,smtWeld,smtWeld,SMT,1,0,0.0,expand,
2962896,smtWeld,smtWeld,SMT,2,0,0.0,expand,
2972651,manualWeld,manualWeld,THT,2,0,0.0,expand,
2974934,manualWeld,manualWeld,THT,2,0,0.0,expand,
2975359,smtWeld,smtWeld,SMT,5,1,0.0,expand,
2975471,smtWeld,smtWeld,SMT,5,4,0.0,expand,
2976576,smtWeld,smtWeld,SMT,1,0,0.0,expand,
2976635,manualWeld,manualWeld,THT,2,2,0.0,expand,
2976636,manualWeld,manualWeld,THT,2,2,0.0,expand,
2977778,smtWeld,smtWeld,SMT,5,4,0.0,expand,-55℃~+155℃ 100mΩ 250mW Ceramic Resistor ±1% 0805 Chip Resistor - Surface Mount ROHS
2979167,manualWeld,manualWeld,THT,2,0,0.0,expand,
2979698,manualWeld,manualWeld,THT,2,0,0.0,expand,
2981674,smtWeld,smtWeld,SMT,5,4,0.0,expand,
2981774,manualWeld,manualWeld,THT,2,0,0.0,expand,
2982529,manualWeld,manualWeld,THT,2,0,0.0,expand,
2983084,smtWeld,smtWeld,SMT,2,0,0.0,expand,
2983323,smtWeld,smtWeld,SMT,2,1,0.0,expand,
2985711,smtWeld,smtWeld,SMT,5,2,0.0,expand,3W 77.5A 8mΩ Current Sense Resistor SMD ±1% ±50ppm/℃ 2512 Current Sense Resistors / Shunt Resistors ROHS
2986112,smtWeld,smtWeld,SMT,15,4,0.0,expand,
2986164,manualWeld,manualWeld,THT,2,1,0.0,expand,
2986199,smtWeld,smtWeld,SMT,5,2,0.0,expand,
2987356,manualWeld,manualWeld,THT,2,0,0.0,expand,
2990124,smtWeld,smtWeld,SMT,2,1,0.0,expand,
2990261,smtWeld,smtWeld,SMT,2,0,0.0,expand,
2990414,smtWeld,smtWeld,SMT,2,0,0.0,expand,
2990416,smtWeld,smtWeld,SMT,2,0,0.0,expand,
2990473,smtWeld,smtWeld,SMT,15,8,0.0,expand,
2990493,smtWeld,smtWeld,SMT,15,5,0.0,expand,
2990917,manualWeld,manualWeld,THT,2,0,0.0,expand,
2991058,manualWeld,manualWeld,THT,2,0,0.0,expand,
2991080,manualWeld,manualWeld,THT,2,0,0.0,expand,
2991336,smtWeld,smtWeld,SMT,20,6,0.0,expand,
2991347,smtWeld,smtWeld,SMT,20,6,0.0,expand,
2991405,smtWeld,smtWeld,SMT,20,6,0.0,expand,
2991699,smtWeld,smtWeld,SMT,5,4,0.0,expand,-10℃~+120℃ 0.5mm 0.5mm 1mm 0402 NTC Thermistors ROHS
2992088,manualWeld,manualWeld,THT,2,2,0.0,expand,
2992099,smtWeld,smtWeld,SMT,5,2,0.0,expand,
2997462,manualWeld,manualWeld,THT,1,0,0.0,expand,
2998107,smtWeld,smtWeld,SMT,20,6,0.0,expand,
2999518,smtWeld,smtWeld,SMT,5,2,0.0,expand,
2999529,smtWeld,smtWeld,SMT,5,2,0.0,expand,
2999735,smtWeld,smtWeld,SMT,2,0,0.0,expand,
3000843,manualWeld,manualWeld,THT,2,2,0.0,expand,
3001945,smtWeld,smtWeld,SMT,20,6,0.0,expand,
3003234,manualWeld,manualWeld,THT,2,1,0.0,expand,
3007649,smtWeld,smtWeld,SMT,5,0,0.0,expand,
3007708,smtWeld,smtWeld,SMT,2,0,0.0,expand,
3008058,smtWeld,smtWeld,SMT,5,2,0.0,expand,
3008224,manualWeld,manualWeld,THT,2,0,0.0,expand,
3008226,manualWeld,manualWeld,THT,2,0,0.0,expand,
3008229,manualWeld,manualWeld,THT,2,0,0.0,expand,
3008278,manualWeld,manualWeld,THT,2,0,0.0,expand,
3008294,manualWeld,manualWeld,THT,5,5,0.0,expand,"-40℃~+125℃ 250V 4.7nF Y2 ±20% 插件,P=7.5mm Safety Capacitors ROHS"
3008295,manualWeld,manualWeld,THT,2,0,0.0,expand,"-40℃~+125℃ 250V 4.7nF Y2 ±20% 插件,P=7.5mm Safety Capacitors ROHS"
3008298,manualWeld,manualWeld,THT,5,5,0.0,expand,
3013473,smtWeld,smtWeld,SMT,5,0,0.0,expand,
3015179,smtWeld,smtWeld,SMT,15,4,0.0,expand,
3015222,smtWeld,smtWeld,SMT,15,4,0.0,expand,
3015599,manualWeld,manualWeld,THT,2,0,0.0,expand,
3017488,smtWeld,smtWeld,SMT,20,10,0.0,expand,
3017667,smtWeld,smtWeld,SMT,5,5,0.0,expand,
3017916,smtWeld,smtWeld,SMT,5,5,0.0,expand,
3018491,smtWeld,smtWeld,SMT,10,4,0.0,expand,
3019524,smtWeld,smtWeld,SMT,5,4,0.0,expand,
7420316,smtWeld,smtWeld,SMT,5,4,0.0,expand,
7420317,smtWeld,smtWeld,SMT,20,10,0.0,expand,
7420318,smtWeld,smtWeld,SMT,15,10,0.0,expand,
7420319,smtWeld,smtWeld,SMT,20,10,0.0,expand,-55℃~+150℃ 1.25V@150mA 100V 150mA 1uA@75V 200mW 2A 4ns Independent SOD-323 Switching Diodes ROHS
7420320,smtWeld,smtWeld,SMT,20,10,0.0,expand,
7420321,smtWeld,smtWeld,SMT,10,5,0.0,expand,
7420322,smtWeld,smtWeld,SMT,10,5,0.0,expand,
7420323,smtWeld,smtWeld,SMT,10,4,0.0,expand,
7420324,smtWeld,smtWeld,SMT,10,4,0.0,expand,
7420325,smtWeld,smtWeld,SMT,20,10,0.0,expand,
7420326,smtWeld,smtWeld,SMT,20,6,0.0,expand,
7420327,smtWeld,smtWeld,SMT,20,10,0.0,expand,
7420328,smtWeld,smtWeld,SMT,20,10,0.0,expand,
7420329,smtWeld,smtWeld,SMT,20,10,0.0,expand,
7420330,smtWeld,smtWeld,SMT,20,12,0.0,expand,
7420331,smtWeld,smtWeld,SMT,20,10,0.0,expand,
7420332,smtWeld,smtWeld,SMT,15,4,0.0,expand,
7420333,smtWeld,smtWeld,SMT,10,5,0.0,expand,
7420334,smtWeld,smtWeld,SMT,20,10,0.0,expand,
7420335,smtWeld,smtWeld,SMT,10,5,0.0,expand,
7420336,smtWeld,smtWeld,SMT,10,5,0.0,expand,
7420337,smtWeld,smtWeld,SMT,10,5,0.0,expand,-55℃~+150℃ 1 NPN 100MHz 100mA 100nA 200mW 420 45V 500mV 6V NPN SOT-23 Bipolar (BJT) ROHS
7420338,smtWeld,smtWeld,SMT,10,5,0.0,expand,
7420339,smtWeld,smtWeld,SMT,10,5,0.0,expand,
7420340,smtWeld,smtWeld,SMT,10,5,0.0,expand,
7420341,smtWeld,smtWeld,SMT,20,3,0.0,expand,
7420342,smtWeld,smtWeld,SMT,20,10,0.0,expand,
7420343,smtWeld,smtWeld,SMT,10,5,0.0,expand,
7420344,smtWeld,smtWeld,SMT,10,5,0.0,expand,
7420345,smtWeld,smtWeld,SMT,10,5,0.0,expand,
7420346,smtWeld,smtWeld,SMT,10,5,0.0,expand,
7420347,smtWeld,smtWeld,SMT,5,4,0.0,expand,
7420348,smtWeld,smtWeld,SMT,5,4,0.0,expand,
7420349,smtWeld,smtWeld,SMT,5,4,0.0,expand,
7420350,smtWeld,smtWeld,SMT,20,10,0.0,expand,
7420351,smtWeld,smtWeld,SMT,10,5,0.0,expand,
7420352,smtWeld,smtWeld,SMT,10,5,0.0,expand,
7420353,smtWeld,smtWeld,SMT,10,5,0.0,expand,
7420354,smtWeld,smtWeld,SMT,10,5,0.0,expand,
7420355,smtWeld,smtWeld,SMT,10,4,0.0,expand,
7420356,smtWeld,smtWeld,SMT,10,5,0.0,expand,
7420357,smtWeld,smtWeld,SMT,10,5,0.0,expand,
7420358,smtWeld,smtWeld,SMT,20,10,0.0,expand,
7420359,smtWeld,smtWeld,SMT,20,10,0.0,expand,
7420360,smtWeld,smtWeld,SMT,20,12,0.0,expand,
7420361,smtWeld,smtWeld,SMT,20,8,0.0,expand,
7420362,smtWeld,smtWeld,SMT,20,8,0.0,expand,-55℃~+150℃ 200uA@40V 2A 40V 50A 550mV@2A Independent SMA(DO-214AC) Schottky Diodes ROHS
7420363,smtWeld,smtWeld,SMT,20,8,0.0,expand,
7420364,smtWeld,smtWeld,SMT,20,8,0.0,expand,
7420365,smtWeld,smtWeld,SMT,20,8,0.0,expand,
7420366,smtWeld,smtWeld,SMT,20,8,0.0,expand,
7420367,smtWeld,smtWeld,SMT,20,8,0.0,expand,
7420368,smtWeld,smtWeld,SMT,5,4,0.0,expand,-55℃~+150℃ 100V 120A 50uA@100V 5A 850mV@5A Independent SMB Schottky Diodes ROHS
7420369,smtWeld,smtWeld,SMT,5,4,0.0,expand,
7420370,smtWeld,smtWeld,SMT,10,5,0.0,expand,
7420371,smtWeld,smtWeld,SMT,10,4,0.0,expand,
7420372,smtWeld,smtWeld,SMT,20,12,0.0,expand,
7420373,smtWeld,smtWeld,SMT,20,10,0.0,expand,
7420374,smtWeld,smtWeld,SMT,20,8,0.0,expand,
7420375,smtWeld,smtWeld,SMT,5,4,0.0,expand,
7420376,smtWeld,smtWeld,SMT,5,4,0.0,expand,-55℃~+150℃ 15V 1pF 4A 5V 5uA 6V 80W ESD Four channels IEC 61000-4-2、IEC 61000-4-5 Unidirectional SOT-23-6L ESD and Surge Protection (TVS/ESD) ROHS
7420377,smtWeld,smtWeld,SMT,5,4,0.0,base,
7502685,smtWeld,smtWeld,SMT,10,4,0.0,expand,
7502687,smtWeld,smtWeld,SMT,10,4,0.0,expand,
7502688,smtWeld,smtWeld,SMT,10,4,0.0,expand,
7502691,smtWeld,smtWeld,SMT,20,10,0.0,expand,
7502692,smtWeld,smtWeld,SMT,20,6,0.0,expand,
7502693,smtWeld,smtWeld,SMT,20,10,0.0,expand,
7502694,smtWeld,smtWeld,SMT,20,6,0.0,expand,
7502695,smtWeld,smtWeld,SMT,20,6,0.0,expand,
7502697,smtWeld,smtWeld,SMT,20,6,0.0,expand,
7502699,smtWeld,smtWeld,SMT,20,8,0.0,expand,
7502701,smtWeld,smtWeld,SMT,20,6,0.0,expand,
7502702,smtWeld,smtWeld,SMT,20,8,0.0,expand,
7502707,smtWeld,smtWeld,SMT,15,4,0.0,expand,
7502708,smtWeld,smtWeld,SMT,15,4,0.0,expand,
7502710,smtWeld,smtWeld,SMT,15,4,0.0,expand,
7502712,smtWeld,smtWeld,SMT,15,4,0.0,expand,
7502713,smtWeld,smtWeld,SMT,15,4,0.0,expand,
7502714,smtWeld,smtWeld,SMT,20,10,0.0,expand,
7502715,smtWeld,smtWeld,SMT,15,4,0.0,expand,
7502716,smtWeld,smtWeld,SMT,20,6,0.0,expand,
7502717,smtWeld,smtWeld,SMT,20,6,0.0,expand,
7502718,smtWeld,smtWeld,SMT,20,6,0.0,expand,
7502720,smtWeld,smtWeld,SMT,20,10,0.0,expand,
7502726,smtWeld,smtWeld,SMT,10,4,0.0,expand,
7502730,smtWeld,smtWeld,SMT,10,4,0.0,expand,
18199086,smtWeld,smtWeld,SMT,15,4,0.0,expand,
18199087,smtWeld,smtWeld,SMT,15,10,0.0,expand,
18199088,smtWeld,smtWeld,SMT,15,4,0.0,expand,
18199090,smtWeld,smtWeld,SMT,15,4,0.0,expand,
18199093,smtWeld,smtWeld,SMT,15,4,0.0,expand,-55℃~+150℃ 1A 1V@1A 2uA@50V 30A 50V Standalone SMA(DO-214AC) Diodes - General Purpose ROHS
18199095,smtWeld,smtWeld,SMT,15,4,0.0,expand,
18199098,smtWeld,smtWeld,SMT,15,4,0.0,expand,
18199100,smtWeld,smtWeld,SMT,15,4,0.0,expand,
18199101,smtWeld,smtWeld,SMT,5,2,0.0,expand,
18199102,smtWeld,smtWeld,SMT,5,2,0.0,expand,-55℃~+150℃ 100A 1V@3A 1kV 2uA@1000V 3A Standalone SMB Diodes - General Purpose ROHS
18199103,smtWeld,smtWeld,SMT,2,0,0.0,expand,
18199104,smtWeld,smtWeld,SMT,5,2,0.0,expand,
18199105,smtWeld,smtWeld,SMT,5,2,0.0,expand,
18199106,smtWeld,smtWeld,SMT,2,0,0.0,expand,
18199107,smtWeld,smtWeld,SMT,2,0,0.0,expand,
18199108,smtWeld,smtWeld,SMT,2,0,0.0,expand,
18199109,smtWeld,smtWeld,SMT,2,0,0.0,expand,
18199110,smtWeld,smtWeld,SMT,2,0,0.0,expand,
18199111,smtWeld,smtWeld,SMT,2,0,0.0,expand,
18199112,smtWeld,smtWeld,SMT,5,2,0.0,expand,
18199117,smtWeld,smtWeld,SMT,15,4,0.0,expand,
18199118,smtWeld,smtWeld,SMT,15,4,0.0,expand,
18199123,smtWeld,smtWeld,SMT,15,4,0.0,expand,
18199124,smtWeld,smtWeld,SMT,15,4,0.0,expand,
18199125,smtWeld,smtWeld,SMT,20,10,0.0,expand,
18199126,smtWeld,smtWeld,SMT,15,4,0.0,expand,
18199132,smtWeld,smtWeld,SMT,15,4,0.0,expand,
18199133,smtWeld,smtWeld,SMT,15,4,0.0,expand,
18199134,smtWeld,smtWeld,SMT,5,2,0.0,expand,
18199137,smtWeld,smtWeld,SMT,15,4,0.0,expand,-55℃~+150℃ 1 Independent 1.7V@1A 1A 2uA@600V 30A 35ns 600V SOD-123FL Fast Recovery / High Efficiency Diodes ROHS
18199138,smtWeld,smtWeld,SMT,15,4,0.0,expand,
18199139,smtWeld,smtWeld,SMT,15,4,0.0,expand,
18199140,smtWeld,smtWeld,SMT,15,4,0.0,expand,-55℃~+150℃ 1 Independent 1.3V@2A 2A 2uA@400V 35ns 400V 50A SMA(DO-214AC) Fast Recovery / High Efficiency Diodes ROHS
18199144,smtWeld,smtWeld,SMT,2,1,0.0,expand,
18199154,smtWeld,smtWeld,SMT,15,4,0.0,expand,
18199155,smtWeld,smtWeld,SMT,15,4,0.0,expand,
18199156,smtWeld,smtWeld,SMT,15,4,0.0,expand,
18199157,smtWeld,smtWeld,SMT,15,4,0.0,expand,
18199158,smtWeld,smtWeld,SMT,15,4,0.0,expand,
18199159,smtWeld,smtWeld,SMT,15,4,0.0,expand,
18199161,smtWeld,smtWeld,SMT,15,4,0.0,expand,
18199164,smtWeld,smtWeld,SMT,2,0,0.0,expand,
18199168,smtWeld,smtWeld,SMT,5,4,0.0,expand,
18199169,smtWeld,smtWeld,SMT,5,4,0.0,expand,
18199170,smtWeld,smtWeld,SMT,5,4,0.0,expand,
18199171,smtWeld,smtWeld,SMT,5,4,0.0,expand,
18199172,smtWeld,smtWeld,SMT,5,4,0.0,expand,
18199173,smtWeld,smtWeld,SMT,5,4,0.0,expand,-55℃~+150℃ 200uA@20V 20V 3A 550mV@3A 80A Standalone SMA(DO-214AC) Schottky Diodes ROHS
18199174,smtWeld,smtWeld,SMT,5,4,0.0,expand,
18199175,smtWeld,smtWeld,SMT,15,4,0.0,expand,
18199176,smtWeld,smtWeld,SMT,15,4,0.0,expand,
18199177,smtWeld,smtWeld,SMT,15,4,0.0,expand,
18199178,smtWeld,smtWeld,SMT,15,4,0.0,expand,
18199183,smtWeld,smtWeld,SMT,5,2,0.0,expand,
18199190,smtWeld,smtWeld,SMT,2,0,0.0,expand,-55℃~+150℃ 100V 120A 50uA@100V 5A 850mV@5A Standalone SMC Schottky Diodes ROHS
18199193,smtWeld,smtWeld,SMT,2,0,0.0,expand,
18199196,smtWeld,smtWeld,SMT,5,4,0.0,expand,
18199197,smtWeld,smtWeld,SMT,15,4,0.0,expand,
18199198,smtWeld,smtWeld,SMT,15,4,0.0,expand,
18199202,smtWeld,smtWeld,SMT,5,4,0.0,expand,
18199203,smtWeld,smtWeld,SMT,15,4,0.0,expand,-55℃~+125℃ 1A 200uA@40V 30A 40V 550mV@1A Standalone SMAF Schottky Diodes ROHS
18199206,smtWeld,smtWeld,SMT,5,2,0.0,expand,
18199209,smtWeld,smtWeld,SMT,2,0,0.0,expand,
18199211,smtWeld,smtWeld,SMT,2,0,0.0,expand,
19077392,smtWeld,smtWeld,SMT,15,4,0.0,expand,
19077393,smtWeld,smtWeld,SMT,15,8,0.0,expand,
19077394,smtWeld,smtWeld,SMT,15,4,0.0,expand,
19077395,smtWeld,smtWeld,SMT,15,4,0.0,expand,
19077396,smtWeld,smtWeld,SMT,15,4,0.0,expand,
19077397,smtWeld,smtWeld,SMT,15,4,0.0,expand,
19077398,smtWeld,smtWeld,SMT,15,4,0.0,expand,
19077399,smtWeld,smtWeld,SMT,15,4,0.0,expand,-55℃~+150℃ 1 Independent 350mW 3uA 4.09V~4.52V 4.3V 600Ω 90Ω SOD-123 Zener Diodes ROHS
19077400,smtWeld,smtWeld,SMT,15,4,0.0,expand,-55℃~+150℃ 1 Independent 350mW 3uA 4.47V~4.94V 4.7V 500Ω 80Ω SOD-123 Zener Diodes ROHS
19077401,smtWeld,smtWeld,SMT,15,10,0.0,expand,
19077402,smtWeld,smtWeld,SMT,15,10,0.0,expand,
19077403,smtWeld,smtWeld,SMT,15,4,0.0,expand,
19077404,smtWeld,smtWeld,SMT,15,4,0.0,expand,
19077405,smtWeld,smtWeld,SMT,15,4,0.0,expand,
19077406,smtWeld,smtWeld,SMT,15,4,0.0,expand,
19077407,smtWeld,smtWeld,SMT,15,4,0.0,expand,
19077408,smtWeld,smtWeld,SMT,15,4,0.0,expand,
19077409,smtWeld,smtWeld,SMT,15,4,0.0,expand,
19077410,smtWeld,smtWeld,SMT,15,10,0.0,expand,
19077411,smtWeld,smtWeld,SMT,15,4,0.0,expand,
19077412,smtWeld,smtWeld,SMT,15,4,0.0,expand,
19077413,smtWeld,smtWeld,SMT,15,10,0.0,expand,
19077414,smtWeld,smtWeld,SMT,15,4,0.0,expand,
19077415,smtWeld,smtWeld,SMT,15,4,0.0,expand,
19077416,smtWeld,smtWeld,SMT,15,4,0.0,expand,
19077417,smtWeld,smtWeld,SMT,15,4,0.0,expand,
19077418,smtWeld,smtWeld,SMT,15,4,0.0,expand,
19077419,smtWeld,smtWeld,SMT,15,4,0.0,expand,
19077420,smtWeld,smtWeld,SMT,15,4,0.0,expand,-55℃~+150℃ 1 Independent 100nA@25.2V 34.2V~37.8V 350mW 350Ω 36V 90Ω SOD-123 Zener Diodes ROHS
19077421,smtWeld,smtWeld,SMT,15,4,0.0,expand,
19077422,smtWeld,smtWeld,SMT,15,4,0.0,expand,
19077423,smtWeld,smtWeld,SMT,15,4,0.0,expand,
19077424,smtWeld,smtWeld,SMT,15,4,0.0,expand,-55℃~+150℃ 1 Independent 3uA 500mW 5Ω 6.46V~7.14V 6.8V SOD-123 Zener Diodes ROHS
19077425,smtWeld,smtWeld,SMT,20,10,0.0,expand,
19077426,smtWeld,smtWeld,SMT,15,4,0.0,expand,
19077427,smtWeld,smtWeld,SMT,15,4,0.0,expand,
19077428,smtWeld,smtWeld,SMT,15,4,0.0,expand,
19077429,smtWeld,smtWeld,SMT,15,4,0.0,expand,
19077430,smtWeld,smtWeld,SMT,15,4,0.0,expand,
19077431,smtWeld,smtWeld,SMT,20,10,0.0,expand,
19077432,smtWeld,smtWeld,SMT,15,4,0.0,expand,
19077433,smtWeld,smtWeld,SMT,15,4,0.0,expand,
19077434,smtWeld,smtWeld,SMT,20,6,0.0,expand,-55℃~+150℃ 1 Independent 200mW 2uA@2V 480Ω 5.1V 5V~5.2V 60Ω SOD-323 Zener Diodes ROHS
19077435,smtWeld,smtWeld,SMT,20,6,0.0,expand,
19077436,smtWeld,smtWeld,SMT,20,6,0.0,expand,
19077437,smtWeld,smtWeld,SMT,20,10,0.0,expand,
19077438,smtWeld,smtWeld,SMT,20,6,0.0,expand,
19077439,smtWeld,smtWeld,SMT,20,10,0.0,expand,
19077440,smtWeld,smtWeld,SMT,20,10,0.0,expand,-55℃~+150℃ 1 Independent 200mW 2uA 4.8V~5.4V 480Ω 5.1V 60Ω SOD-323 Zener Diodes ROHS
19077441,smtWeld,smtWeld,SMT,20,8,0.0,expand,
19077442,smtWeld,smtWeld,SMT,20,6,0.0,expand,
19077443,smtWeld,smtWeld,SMT,20,6,0.0,expand,
19077444,smtWeld,smtWeld,SMT,20,6,0.0,expand,
19077445,smtWeld,smtWeld,SMT,20,6,0.0,expand,
19077446,smtWeld,smtWeld,SMT,20,6,0.0,expand,
19077447,smtWeld,smtWeld,SMT,20,6,0.0,expand,
19077448,smtWeld,smtWeld,SMT,20,6,0.0,expand,
19077449,smtWeld,smtWeld,SMT,20,6,0.0,expand,
19077450,smtWeld,smtWeld,SMT,20,6,0.0,expand,
19077451,smtWeld,smtWeld,SMT,20,6,0.0,expand,
19077452,smtWeld,smtWeld,SMT,20,6,0.0,expand,
19077453,smtWeld,smtWeld,SMT,20,6,0.0,expand,-55℃~+150℃ 1 Independent 1kΩ 200mW 3.1V~3.5V 3.3V 5uA@1V 95Ω SOD-323 Zener Diodes ROHS
19077454,smtWeld,smtWeld,SMT,20,6,0.0,expand,
19077455,smtWeld,smtWeld,SMT,20,6,0.0,expand,
19077456,smtWeld,smtWeld,SMT,20,6,0.0,expand,
19077457,smtWeld,smtWeld,SMT,20,6,0.0,expand,
19077458,smtWeld,smtWeld,SMT,20,6,0.0,expand,
19077459,smtWeld,smtWeld,SMT,20,6,0.0,expand,
19077460,smtWeld,smtWeld,SMT,20,6,0.0,expand,
19077461,smtWeld,smtWeld,SMT,20,6,0.0,expand,
19077462,smtWeld,smtWeld,SMT,20,6,0.0,expand,
19077463,smtWeld,smtWeld,SMT,20,6,0.0,expand,
19077464,smtWeld,smtWeld,SMT,20,8,0.0,expand,
19077465,smtWeld,smtWeld,SMT,20,6,0.0,expand,
19077467,smtWeld,smtWeld,SMT,10,4,0.0,expand,
19077468,smtWeld,smtWeld,SMT,10,4,0.0,expand,
19077469,smtWeld,smtWeld,SMT,10,4,0.0,expand,
19077470,smtWeld,smtWeld,SMT,10,4,0.0,expand,
19077471,smtWeld,smtWeld,SMT,10,4,0.0,expand,-55℃~+150℃ 1 Independent 100nA 11.4V~12.7V 12V 150Ω 25Ω 300mW SOT-23 Zener Diodes ROHS
19077473,smtWeld,smtWeld,SMT,10,4,0.0,expand,
19077474,smtWeld,smtWeld,SMT,5,4,0.0,expand,
19077475,smtWeld,smtWeld,SMT,5,4,0.0,expand,
19077476,smtWeld,smtWeld,SMT,5,4,0.0,expand,
19077477,smtWeld,smtWeld,SMT,5,4,0.0,expand,
19077478,smtWeld,smtWeld,SMT,5,4,0.0,expand,
19077479,smtWeld,smtWeld,SMT,5,4,0.0,expand,
19077480,smtWeld,smtWeld,SMT,5,4,0.0,expand,
19077481,smtWeld,smtWeld,SMT,5,4,0.0,expand,
19077482,smtWeld,smtWeld,SMT,5,4,0.0,expand,
19077484,smtWeld,smtWeld,SMT,5,4,0.0,expand,
19077485,smtWeld,smtWeld,SMT,5,4,0.0,expand,
19077487,smtWeld,smtWeld,SMT,5,4,0.0,expand,
19077489,smtWeld,smtWeld,SMT,5,4,0.0,expand,
19077490,smtWeld,smtWeld,SMT,5,4,0.0,expand,
19077491,smtWeld,smtWeld,SMT,5,4,0.0,expand,
19077493,smtWeld,smtWeld,SMT,5,2,0.0,expand,
19077494,smtWeld,smtWeld,SMT,5,2,0.0,expand,
19077495,smtWeld,smtWeld,SMT,5,2,0.0,expand,
19077497,smtWeld,smtWeld,SMT,15,4,0.0,expand,
19077498,smtWeld,smtWeld,SMT,15,4,0.0,expand,
19077501,smtWeld,smtWeld,SMT,15,4,0.0,expand,-55℃~+150℃ 1 11.2V 17.9A@10/1000us 200W@10/1000us 250uA 6.5V 7.98V Bidirectional IEC 61000-4-2 TVS SOD-123FL ESD and Surge Protection (TVS/ESD) ROHS
19077502,smtWeld,smtWeld,SMT,15,4,0.0,expand,
19077503,smtWeld,smtWeld,SMT,15,4,0.0,expand,
19077504,smtWeld,smtWeld,SMT,15,4,0.0,expand,
19077505,smtWeld,smtWeld,SMT,15,4,0.0,expand,
19077506,smtWeld,smtWeld,SMT,15,4,0.0,expand,
19077507,smtWeld,smtWeld,SMT,15,4,0.0,expand,
19077508,smtWeld,smtWeld,SMT,15,4,0.0,expand,
19077512,smtWeld,smtWeld,SMT,15,4,0.0,expand,
19077513,smtWeld,smtWeld,SMT,15,4,0.0,expand,
19077514,smtWeld,smtWeld,SMT,15,4,0.0,expand,
19077515,smtWeld,smtWeld,SMT,15,8,0.0,expand,
19077516,smtWeld,smtWeld,SMT,15,4,0.0,expand,
19077517,smtWeld,smtWeld,SMT,15,4,0.0,expand,
19077518,smtWeld,smtWeld,SMT,15,4,0.0,expand,
19077519,smtWeld,smtWeld,SMT,15,4,0.0,expand,
19077520,smtWeld,smtWeld,SMT,15,4,0.0,expand,
19077521,smtWeld,smtWeld,SMT,15,4,0.0,expand,
19077525,smtWeld,smtWeld,SMT,5,4,0.0,expand,
19077529,smtWeld,smtWeld,SMT,5,2,0.0,expand,-55℃~+150℃ 12V 200uA 33.3A@10/1000us 400W@10/1000us 7V 8.6V Bidirectional IEC 61000-4-2 TVS DO-214AC(SMA) ESD and Surge Protection (TVS/ESD) ROHS
19077530,smtWeld,smtWeld,SMT,5,2,0.0,expand,
19077533,smtWeld,smtWeld,SMT,5,2,0.0,expand,
19077534,smtWeld,smtWeld,SMT,5,2,0.0,expand,-55℃~+150℃ 13V 15.9V 18.6A@10/1000us 1uA 21.5V 400W@10/1000us Bidirectional IEC 61000-4-2 TVS DO-214AC(SMA) ESD and Surge Protection (TVS/ESD) ROHS
19077535,smtWeld,smtWeld,SMT,5,4,0.0,expand,
19077537,smtWeld,smtWeld,SMT,5,2,0.0,expand,-55℃~+150℃ 15.4A 16V 19.7V 1uA 26V 400W@10/1000us Bidirectional IEC 61000-4-2 TVS DO-214AC(SMA) ESD and Surge Protection (TVS/ESD) ROHS
19077539,smtWeld,smtWeld,SMT,5,2,0.0,expand,
19077540,smtWeld,smtWeld,SMT,5,2,0.0,expand,
19077541,smtWeld,smtWeld,SMT,5,4,0.0,expand,
19077546,smtWeld,smtWeld,SMT,5,2,0.0,expand,
19077548,smtWeld,smtWeld,SMT,5,4,0.0,expand,-55℃~+150℃ 1uA 30V 36.8V 400W@10/1000us 48.4V 8.3A@10/1000us Bidirectional IEC 61000-4-2 TVS DO-214AC(SMA) ESD and Surge Protection (TVS/ESD) ROHS
19077549,smtWeld,smtWeld,SMT,5,2,0.0,expand,
19077553,smtWeld,smtWeld,SMT,5,2,0.0,expand,
19077554,smtWeld,smtWeld,SMT,5,4,0.0,expand,
19077555,smtWeld,smtWeld,SMT,5,2,0.0,expand,
19077556,smtWeld,smtWeld,SMT,5,2,0.0,expand,
19077557,smtWeld,smtWeld,SMT,5,2,0.0,expand,
19077559,smtWeld,smtWeld,SMT,5,2,0.0,expand,
19077560,smtWeld,smtWeld,SMT,5,2,0.0,expand,
19077563,smtWeld,smtWeld,SMT,5,2,0.0,expand,
19077564,smtWeld,smtWeld,SMT,5,2,0.0,expand,
19077565,smtWeld,smtWeld,SMT,5,2,0.0,expand,
19077567,smtWeld,smtWeld,SMT,5,2,0.0,expand,
19077568,smtWeld,smtWeld,SMT,5,2,0.0,expand,
19077569,smtWeld,smtWeld,SMT,5,2,0.0,expand,
19077570,smtWeld,smtWeld,SMT,5,2,0.0,expand,
19077571,smtWeld,smtWeld,SMT,5,2,0.0,expand,
19077572,smtWeld,smtWeld,SMT,5,2,0.0,expand,
19077573,smtWeld,smtWeld,SMT,5,2,0.0,expand,
19077574,smtWeld,smtWeld,SMT,5,2,0.0,expand,
19077575,smtWeld,smtWeld,SMT,5,2,0.0,expand,-55℃~+150℃ 18.52A@10/1000us 20V 24.5V 32.4V 5uA 600W@10/1000us IEC 61000-4-2 TVS Unidirectional DO-214AA(SMB) ESD and Surge Protection (TVS/ESD) ROHS
19077576,smtWeld,smtWeld,SMT,5,2,0.0,expand,
19077577,smtWeld,smtWeld,SMT,5,2,0.0,expand,
19077578,smtWeld,smtWeld,SMT,5,2,0.0,expand,
19077580,smtWeld,smtWeld,SMT,5,2,0.0,expand,
19077583,smtWeld,smtWeld,SMT,5,2,0.0,expand,
19077586,smtWeld,smtWeld,SMT,5,2,0.0,expand,
19077587,smtWeld,smtWeld,SMT,5,2,0.0,expand,
19077590,smtWeld,smtWeld,SMT,5,2,0.0,expand,
19077592,smtWeld,smtWeld,SMT,5,2,0.0,expand,-55℃~+150℃ 1 58V 5uA 6.41A@10/1000us 600W@10/1000us 71.2V 93.6V Bidirectional IEC 61000-4-2 TVS DO-214AA(SMB) ESD and Surge Protection (TVS/ESD) ROHS
19077593,smtWeld,smtWeld,SMT,5,2,0.0,expand,
19077594,smtWeld,smtWeld,SMT,5,2,0.0,expand,
19077595,smtWeld,smtWeld,SMT,5,2,0.0,expand,
19077597,smtWeld,smtWeld,SMT,5,2,0.0,expand,
19077598,smtWeld,smtWeld,SMT,5,2,0.0,expand,
19077599,smtWeld,smtWeld,SMT,5,2,0.0,expand,
19077600,smtWeld,smtWeld,SMT,5,2,0.0,expand,
19077601,smtWeld,smtWeld,SMT,5,2,0.0,expand,
19077602,smtWeld,smtWeld,SMT,5,2,0.0,expand,
19077603,smtWeld,smtWeld,SMT,2,0,0.0,expand,
19077604,smtWeld,smtWeld,SMT,2,0,0.0,expand,
19077606,smtWeld,smtWeld,SMT,2,0,0.0,expand,
19077607,smtWeld,smtWeld,SMT,2,0,0.0,expand,
19077608,smtWeld,smtWeld,SMT,2,0,0.0,expand,-55℃~+150℃ 1.5kW@10/1000us 1uA 28.2A@10/1000us 33V 40.6V 53.3V Bidirectional IEC 61000-4-2 TVS SMC(DO-214AB) ESD and Surge Protection (TVS/ESD) ROHS
19077609,smtWeld,smtWeld,SMT,2,0,0.0,expand,
19077610,smtWeld,smtWeld,SMT,2,0,0.0,expand,-55℃~+150℃ 1.5kW@10/1000us 1uA 23.3A@10/1000us 40V 49.1V 64.5V Bidirectional IEC 61000-4-2 TVS SMC(DO-214AB) ESD and Surge Protection (TVS/ESD) ROHS
19077611,smtWeld,smtWeld,SMT,2,0,0.0,expand,
20069125,smtWeld,smtWeld,SMT,10,4,0.0,expand,
20069126,smtWeld,smtWeld,SMT,10,4,0.0,expand,-55℃~+150℃ 1 PNP 100nA 120 150MHz 25V 300mW 500mA 500mV 5V PNP SOT-23 Bipolar (BJT) ROHS
20069127,smtWeld,smtWeld,SMT,10,10,0.0,expand,
20069128,smtWeld,smtWeld,SMT,5,2,0.0,expand,
20069129,smtWeld,smtWeld,SMT,10,4,0.0,expand,
20069130,smtWeld,smtWeld,SMT,10,4,0.0,expand,
20069131,smtWeld,smtWeld,SMT,10,4,0.0,expand,
20069132,smtWeld,smtWeld,SMT,10,4,0.0,expand,
20069133,smtWeld,smtWeld,SMT,5,2,0.0,expand,
20069134,smtWeld,smtWeld,SMT,10,4,0.0,expand,
20069135,smtWeld,smtWeld,SMT,10,4,0.0,expand,
20069136,smtWeld,smtWeld,SMT,10,4,0.0,expand,-55℃~+150℃ 1 PNP 100MHz 100mA 100nA 200mW 220 500mV 5V 65V PNP SOT-23 Bipolar (BJT) ROHS
20069137,smtWeld,smtWeld,SMT,10,4,0.0,expand,
20069138,smtWeld,smtWeld,SMT,10,4,0.0,expand,
20069139,smtWeld,smtWeld,SMT,10,4,0.0,expand,
20069140,smtWeld,smtWeld,SMT,10,4,0.0,expand,
20069141,smtWeld,smtWeld,SMT,5,4,0.0,expand,
20069142,smtWeld,smtWeld,SMT,10,4,0.0,expand,
20069143,smtWeld,smtWeld,SMT,10,4,0.0,expand,
20069144,smtWeld,smtWeld,SMT,5,2,0.0,expand,
20069145,smtWeld,smtWeld,SMT,5,2,0.0,expand,
20069146,smtWeld,smtWeld,SMT,10,4,0.0,expand,
20069147,smtWeld,smtWeld,SMT,10,4,0.0,expand,
20069148,smtWeld,smtWeld,SMT,10,4,0.0,expand,
20069149,smtWeld,smtWeld,SMT,10,4,0.0,expand,-55℃~+150℃ 1 N-channel 1.5V 100mA 13pF 200mW 30V 4pF 8Ω@4V、13Ω@2.5V 9pF N-Channel SOT-323 MOSFETs ROHS
20069150,smtWeld,smtWeld,SMT,5,4,0.0,expand,
20069151,smtWeld,smtWeld,SMT,5,4,0.0,expand,
20069154,smtWeld,smtWeld,SMT,10,4,0.0,expand,-55℃~+150℃ 1 NPN 100 100MHz 100nA 300mW 45V 500mA 5V 700mV NPN SOT-23 Bipolar (BJT) ROHS
20069155,smtWeld,smtWeld,SMT,10,4,0.0,expand,
20069156,smtWeld,smtWeld,SMT,5,2,0.0,expand,
20615778,smtWeld,smtWeld,SMT,20,12,0.0,expand,-55℃~+125℃ 10V 12pF 200nA 3.3V 6V 80W@8/20us 8A@8/20us Bidirectional ESD IEC 61000-4-2、IEC 61000-4-5 DFN0603-2L ESD and Surge Protection (TVS/ESD) ROHS
20615779,smtWeld,smtWeld,SMT,20,10,0.0,expand,
20615780,smtWeld,smtWeld,SMT,20,8,0.0,expand,
20615781,smtWeld,smtWeld,SMT,20,10,0.0,expand,
20615782,smtWeld,smtWeld,SMT,20,8,0.0,expand,
20615783,smtWeld,smtWeld,SMT,20,8,0.0,expand,
20615784,smtWeld,smtWeld,SMT,20,10,0.0,expand,
20615785,smtWeld,smtWeld,SMT,20,10,0.0,expand,
20615786,smtWeld,smtWeld,SMT,20,8,0.0,expand,
20615787,smtWeld,smtWeld,SMT,20,10,0.0,expand,-55℃~+155℃ 10V 12A@8/20us 16.7V 200W@8/20us 200nA 20pF 7V Bidirectional ESD IEC 61000-4-2、IEC 61000-4-5 DFN1006-2L ESD and Surge Protection (TVS/ESD) ROHS
20615788,smtWeld,smtWeld,SMT,20,10,0.0,expand,-55℃~+125℃ 200nA 22pF 6A@8/20us 7V 80W@8/20us 9.6V 9V、14V Bidirectional ESD IEC 61000-4-2、IEC 61000-4-5 DFN1006-2L ESD and Surge Protection (TVS/ESD) ROHS
20615790,smtWeld,smtWeld,SMT,20,10,0.0,expand,-55℃~+125℃ 12V 12pF 15.8V 200W@8/20us 200nA 25.5V 8A@8/20us Bidirectional ESD IEC 61000-4-2、IEC 61000-4-5 DFN1006-2L ESD and Surge Protection (TVS/ESD) ROHS
20615791,smtWeld,smtWeld,SMT,20,10,0.0,expand,
20615792,smtWeld,smtWeld,SMT,20,8,0.0,expand,
20615795,smtWeld,smtWeld,SMT,10,5,0.0,expand,
20615796,smtWeld,smtWeld,SMT,5,4,0.0,expand,
20615797,smtWeld,smtWeld,SMT,5,4,0.0,expand,
20615798,smtWeld,smtWeld,SMT,5,4,0.0,expand,
20615799,smtWeld,smtWeld,SMT,5,4,0.0,expand,-55℃~+125℃ 1.55nF 12V 16.5V 1uA 210A@8/20us 30V 6kW@8/20us ESD IEC 61000-4-2、IEC 61000-4-5 Unidirectional DFN2020-3L ESD and Surge Protection (TVS/ESD) ROHS
20615800,smtWeld,smtWeld,SMT,5,4,0.0,expand,-55℃~+125℃ 0.4pF、0.8pF 10V 15V 1uA 5A@8/20us 5V 75W@8/20us ESD IEC 61000-4-2、IEC 61000-4-5 Unidirectional DFN2510-10L ESD and Surge Protection (TVS/ESD) ROHS
20615801,smtWeld,smtWeld,SMT,5,4,0.0,expand,
20615802,smtWeld,smtWeld,SMT,5,4,0.0,expand,
20615803,smtWeld,smtWeld,SMT,20,6,0.0,expand,-55℃~+125℃ 100pF 10V 200nA 4.5V 400W@8/20us 40A@8/20us 7V Bidirectional ESD IEC 61000-4-2、IEC 61000-4-5 SOD-323 ESD and Surge Protection (TVS/ESD) ROHS
20615804,smtWeld,smtWeld,SMT,20,6,0.0,expand,
20615805,smtWeld,smtWeld,SMT,20,6,0.0,expand,
20615806,smtWeld,smtWeld,SMT,20,6,0.0,expand,
20615807,smtWeld,smtWeld,SMT,5,4,0.0,expand,
20615808,smtWeld,smtWeld,SMT,20,6,0.0,expand,
20615809,smtWeld,smtWeld,SMT,5,4,0.0,expand,
20615810,smtWeld,smtWeld,SMT,5,4,0.0,expand,
20615811,smtWeld,smtWeld,SMT,5,4,0.0,expand,
20615812,smtWeld,smtWeld,SMT,5,4,0.0,expand,
20615813,smtWeld,smtWeld,SMT,20,6,0.0,expand,
20615814,smtWeld,smtWeld,SMT,5,4,0.0,expand,
20615815,smtWeld,smtWeld,SMT,20,6,0.0,expand,
20615816,smtWeld,smtWeld,SMT,20,6,0.0,expand,
20615817,smtWeld,smtWeld,SMT,20,6,0.0,expand,
20615818,smtWeld,smtWeld,SMT,20,6,0.0,expand,
20615819,smtWeld,smtWeld,SMT,20,6,0.0,expand,
20615820,smtWeld,smtWeld,SMT,20,6,0.0,expand,
20615821,smtWeld,smtWeld,SMT,20,6,0.0,expand,
20615822,smtWeld,smtWeld,SMT,20,6,0.0,expand,-55℃~+125℃ 200nA 260W@8/20us 30pF 36V 45V 4A@8/20us 65V ESD IEC 61000-4-2、IEC 61000-4-5 Unidirectional SOD-523 ESD and Surge Protection (TVS/ESD) ROHS
20615823,smtWeld,smtWeld,SMT,10,4,0.0,expand,
20615824,smtWeld,smtWeld,SMT,10,4,0.0,expand,
20615825,smtWeld,smtWeld,SMT,5,4,0.0,expand,
20615826,smtWeld,smtWeld,SMT,10,4,0.0,expand,
20615827,smtWeld,smtWeld,SMT,5,4,0.0,expand,
20615828,smtWeld,smtWeld,SMT,5,4,0.0,expand,
20615829,smtWeld,smtWeld,SMT,5,4,0.0,expand,
20615830,smtWeld,smtWeld,SMT,5,4,0.0,expand,
20617908,smtWeld,smtWeld,SMT,20,8,0.0,expand,
20617909,smtWeld,smtWeld,SMT,20,10,0.0,expand,
20617910,smtWeld,smtWeld,SMT,20,8,0.0,expand,
20617911,smtWeld,smtWeld,SMT,20,10,0.0,expand,
20617912,smtWeld,smtWeld,SMT,20,8,0.0,expand,
20617913,smtWeld,smtWeld,SMT,5,4,0.0,expand,
20617914,smtWeld,smtWeld,SMT,5,4,0.0,expand,
20617915,smtWeld,smtWeld,SMT,20,6,0.0,expand,
20617916,smtWeld,smtWeld,SMT,5,4,0.0,expand,-55℃~+125℃ 185A@8/20us 2.775kW@8/20us 200nA 4.5V 600pF 7V 7V、15V ESD IEC 61000-4-2、IEC 61000-4-5 Unidirectional SOD-323 ESD and Surge Protection (TVS/ESD) ROHS
20617917,smtWeld,smtWeld,SMT,5,4,0.0,expand,
20617918,smtWeld,smtWeld,SMT,20,6,0.0,expand,
20617919,smtWeld,smtWeld,SMT,20,6,0.0,expand,
20617920,smtWeld,smtWeld,SMT,20,6,0.0,expand,
20617921,smtWeld,smtWeld,SMT,20,6,0.0,expand,
20617922,smtWeld,smtWeld,SMT,20,6,0.0,expand,
20617923,smtWeld,smtWeld,SMT,10,4,0.0,expand,
20617924,smtWeld,smtWeld,SMT,10,4,0.0,expand,
20617925,smtWeld,smtWeld,SMT,5,4,0.0,expand,
20617926,smtWeld,smtWeld,SMT,5,4,0.0,expand,
20617927,smtWeld,smtWeld,SMT,5,4,0.0,expand,
20617928,smtWeld,smtWeld,SMT,5,4,0.0,expand,
22375287,smtWeld,smtWeld,SMT,20,6,0.0,expand,
22375288,smtWeld,smtWeld,SMT,20,6,0.0,expand,
22375289,smtWeld,smtWeld,SMT,20,6,0.0,expand,
22375290,smtWeld,smtWeld,SMT,20,6,0.0,expand,
22375291,smtWeld,smtWeld,SMT,20,6,0.0,expand,
22375292,smtWeld,smtWeld,SMT,20,6,0.0,expand,
22375293,smtWeld,smtWeld,SMT,20,6,0.0,expand,
22375294,smtWeld,smtWeld,SMT,20,6,0.0,expand,
22375295,smtWeld,smtWeld,SMT,15,4,0.0,expand,
22375296,smtWeld,smtWeld,SMT,15,4,0.0,expand,-55℃~+150℃ 1 Independent 100Ω 2.28V~2.52V 2.4V 350mW 50uA@1V 600Ω SOD-123 Zener Diodes ROHS
22375297,smtWeld,smtWeld,SMT,15,4,0.0,expand,
22375298,smtWeld,smtWeld,SMT,20,6,0.0,expand,
22375299,smtWeld,smtWeld,SMT,20,6,0.0,expand,-55℃~+150℃ 1 Independent 200mW 3.7V~4.1V 3.9V 3uA 600Ω 90Ω SOD-323 Zener Diodes ROHS
22375300,smtWeld,smtWeld,SMT,20,6,0.0,expand,
22379454,smtWeld,smtWeld,SMT,20,6,0.0,expand,
22379455,smtWeld,smtWeld,SMT,15,4,0.0,expand,
22379456,smtWeld,smtWeld,SMT,15,4,0.0,expand,
22379457,smtWeld,smtWeld,SMT,15,4,0.0,expand,
22379458,smtWeld,smtWeld,SMT,15,4,0.0,expand,
22379459,smtWeld,smtWeld,SMT,15,4,0.0,expand,
22379460,smtWeld,smtWeld,SMT,15,4,0.0,expand,
22379461,smtWeld,smtWeld,SMT,15,4,0.0,expand,
22379462,smtWeld,smtWeld,SMT,15,4,0.0,expand,
22379463,smtWeld,smtWeld,SMT,15,4,0.0,expand,
22379464,smtWeld,smtWeld,SMT,15,4,0.0,expand,
22379465,smtWeld,smtWeld,SMT,15,4,0.0,expand,-55℃~+150℃ 1 Independent 100nA@19V 22.8V~25.6V 24V 500mW 60Ω SOD-123 Zener Diodes ROHS
22379466,smtWeld,smtWeld,SMT,15,4,0.0,expand,
22379467,smtWeld,smtWeld,SMT,15,4,0.0,expand,
22379468,smtWeld,smtWeld,SMT,15,4,0.0,expand,-55℃~+150℃ 1 Independent 110Ω 120uA@1V 2.5V~2.9V 2.7V 500mW SOD-123 Zener Diodes ROHS
22379469,smtWeld,smtWeld,SMT,15,4,0.0,expand,
22379470,smtWeld,smtWeld,SMT,10,4,0.0,expand,
22379471,smtWeld,smtWeld,SMT,10,4,0.0,expand,
22379472,smtWeld,smtWeld,SMT,10,4,0.0,expand,-55℃~+150℃ 1 Independent 100nA 28V~32V 300mW 300Ω 30V 80Ω SOT-23 Zener Diodes ROHS
22379473,smtWeld,smtWeld,SMT,10,4,0.0,expand,-55℃~+150℃ 1 Independent 15Ω 2uA 300mW 6.4V~7.2V 6.8V 80Ω SOT-23 Zener Diodes ROHS
22379474,smtWeld,smtWeld,SMT,10,4,0.0,expand,
22379475,smtWeld,smtWeld,SMT,10,4,0.0,expand,-55℃~+150℃ 1 N-channel 1.3V 10pF 340mA 350mW 40pF 60V 900mΩ@10V、1.1Ω@4.5V N-Channel SOT-23 MOSFETs ROHS
22388837,smtWeld,smtWeld,SMT,10,4,0.0,expand,
22392482,smtWeld,smtWeld,SMT,10,4,0.0,expand,
22395515,smtWeld,smtWeld,SMT,20,8,0.0,expand,
22395516,smtWeld,smtWeld,SMT,20,8,0.0,expand,
22395517,smtWeld,smtWeld,SMT,5,4,0.0,expand,
22395518,smtWeld,smtWeld,SMT,5,4,0.0,expand,
22395519,smtWeld,smtWeld,SMT,20,10,0.0,expand,
22395520,smtWeld,smtWeld,SMT,5,4,0.0,expand,-55℃~+125℃ 0.3pF、0.6pF 15V 500nA 5A@8/20us 5V 6V 75W@8/20us Bidirectional ESD IEC 61000-4-2、IEC 61000-4-5 SOT-143 ESD and Surge Protection (TVS/ESD) ROHS
22395521,smtWeld,smtWeld,SMT,10,4,0.0,expand,-55℃~+150℃ 1 Independent 300mW 3uA 4.4V~5V 4.7V 500Ω 80Ω SOT-23 Zener Diodes ROHS
22395522,smtWeld,smtWeld,SMT,10,4,0.0,expand,
22395523,smtWeld,smtWeld,SMT,15,4,0.0,expand,
22395524,smtWeld,smtWeld,SMT,15,4,0.0,expand,
22395525,smtWeld,smtWeld,SMT,15,4,0.0,expand,-55℃~+150℃ 1 Independent 1W 3.7V~4.1V 3.9V 50uA@1V 9Ω SOD-123 Zener Diodes ROHS
22395526,smtWeld,smtWeld,SMT,15,4,0.0,expand,
22395527,smtWeld,smtWeld,SMT,15,4,0.0,expand,
22395528,smtWeld,smtWeld,SMT,15,4,0.0,expand,
22395529,smtWeld,smtWeld,SMT,5,4,0.0,expand,
22395530,smtWeld,smtWeld,SMT,15,4,0.0,expand,
22395531,smtWeld,smtWeld,SMT,15,4,0.0,expand,
22395532,smtWeld,smtWeld,SMT,15,4,0.0,expand,
22395533,smtWeld,smtWeld,SMT,5,4,0.0,expand,
22395534,smtWeld,smtWeld,SMT,15,4,0.0,expand,
22395535,smtWeld,smtWeld,SMT,15,4,0.0,expand,
22395536,smtWeld,smtWeld,SMT,15,4,0.0,expand,
22395537,smtWeld,smtWeld,SMT,15,4,0.0,expand,
22395538,smtWeld,smtWeld,SMT,15,4,0.0,expand,
22395539,smtWeld,smtWeld,SMT,15,4,0.0,expand,
22395540,smtWeld,smtWeld,SMT,15,4,0.0,expand,
22395541,smtWeld,smtWeld,SMT,15,4,0.0,expand,-55℃~+150℃ 1 Independent 175Ω 1W 1uA@56V 71.2V~78.8V 75V SOD-123 Zener Diodes ROHS
22395542,smtWeld,smtWeld,SMT,20,6,0.0,expand,
22395543,smtWeld,smtWeld,SMT,10,4,0.0,expand,
22395546,smtWeld,smtWeld,SMT,15,4,0.0,expand,
22395547,smtWeld,smtWeld,SMT,15,4,0.0,expand,-55℃~+150℃ 1 Independent 10uA@3V 4.47V~4.94V 4.7V 500mW SOD-123 Zener Diodes ROHS
22395549,smtWeld,smtWeld,SMT,15,4,0.0,expand,
22395550,smtWeld,smtWeld,SMT,15,4,0.0,expand,
22395551,smtWeld,smtWeld,SMT,15,4,0.0,expand,
22395553,smtWeld,smtWeld,SMT,15,4,0.0,expand,
22395554,smtWeld,smtWeld,SMT,15,4,0.0,expand,
22395555,smtWeld,smtWeld,SMT,15,4,0.0,expand,
22395556,smtWeld,smtWeld,SMT,15,4,0.0,expand,
22395557,smtWeld,smtWeld,SMT,15,4,0.0,expand,
22395558,smtWeld,smtWeld,SMT,15,4,0.0,expand,
22395559,smtWeld,smtWeld,SMT,15,4,0.0,expand,
22395560,smtWeld,smtWeld,SMT,15,4,0.0,expand,
22395561,smtWeld,smtWeld,SMT,15,4,0.0,expand,
22395562,smtWeld,smtWeld,SMT,20,6,0.0,expand,
22395563,smtWeld,smtWeld,SMT,20,6,0.0,expand,
22395564,smtWeld,smtWeld,SMT,20,6,0.0,expand,
22395565,smtWeld,smtWeld,SMT,20,6,0.0,expand,
22395566,smtWeld,smtWeld,SMT,20,6,0.0,expand,
22395567,smtWeld,smtWeld,SMT,20,6,0.0,expand,
22395568,smtWeld,smtWeld,SMT,15,4,0.0,expand,
22395569,smtWeld,smtWeld,SMT,15,4,0.0,expand,
22395570,smtWeld,smtWeld,SMT,15,4,0.0,expand,-55℃~+150℃ 1 Independent 100nA@10.5V 14.7V~15.3V 15V 200Ω 30Ω 500mW SOD-123 Zener Diodes ROHS
22395571,smtWeld,smtWeld,SMT,15,4,0.0,expand,
22395572,smtWeld,smtWeld,SMT,20,6,0.0,expand,
22395573,smtWeld,smtWeld,SMT,20,6,0.0,expand,
22395574,smtWeld,smtWeld,SMT,20,6,0.0,expand,
22395575,smtWeld,smtWeld,SMT,20,6,0.0,expand,
22395576,smtWeld,smtWeld,SMT,20,6,0.0,expand,
22395577,smtWeld,smtWeld,SMT,20,6,0.0,expand,
22395578,smtWeld,smtWeld,SMT,20,6,0.0,expand,
22395579,smtWeld,smtWeld,SMT,20,6,0.0,expand,
22395580,smtWeld,smtWeld,SMT,20,6,0.0,expand,
22395581,smtWeld,smtWeld,SMT,20,6,0.0,expand,
22395582,smtWeld,smtWeld,SMT,20,6,0.0,expand,
22399881,smtWeld,smtWeld,SMT,15,4,0.0,expand,-55℃~+150℃ 1 Independent 1uA@2V 400Ω 40Ω 5.49V~5.71V 5.6V 500mW SOD-123 Zener Diodes ROHS
22399882,smtWeld,smtWeld,SMT,15,4,0.0,expand,
22399883,smtWeld,smtWeld,SMT,15,4,0.0,expand,
22399885,smtWeld,smtWeld,SMT,20,6,0.0,expand,
22399886,smtWeld,smtWeld,SMT,20,6,0.0,expand,
22399887,smtWeld,smtWeld,SMT,15,4,0.0,expand,
22399888,smtWeld,smtWeld,SMT,20,6,0.0,expand,
22399889,smtWeld,smtWeld,SMT,20,6,0.0,expand,
22399890,smtWeld,smtWeld,SMT,20,6,0.0,expand,-55℃~+150℃ 1 Independent 13.8V~15.6V 15V 200mW 30Ω 400Ω 50nA@10.5V SOD-323 Zener Diodes ROHS
22399891,smtWeld,smtWeld,SMT,20,6,0.0,expand,-55℃~+150℃ 1 Independent 200mW 3uA@2V 4.4V~5V 4.7V 800Ω 80Ω SOD-323 Zener Diodes ROHS
22399892,smtWeld,smtWeld,SMT,20,6,0.0,expand,
22399893,smtWeld,smtWeld,SMT,20,6,0.0,expand,
22399894,smtWeld,smtWeld,SMT,15,4,0.0,expand,
22399895,smtWeld,smtWeld,SMT,15,4,0.0,expand,-55℃~+150℃ 1 Independent 10uA@1V 23Ω 3.71V~4.1V 3.9V 500mW SOD-123 Zener Diodes ROHS
22399896,smtWeld,smtWeld,SMT,15,4,0.0,expand,-55℃~+150℃ 1 Independent 22Ω 4.09V~4.52V 4.3V 500mW 5uA@1V SOD-123 Zener Diodes ROHS
22399897,smtWeld,smtWeld,SMT,15,4,0.0,expand,
22399898,smtWeld,smtWeld,SMT,15,4,0.0,expand,
22399899,smtWeld,smtWeld,SMT,15,4,0.0,expand,
22399900,smtWeld,smtWeld,SMT,15,4,0.0,expand,
22435086,smtWeld,smtWeld,SMT,5,4,0.0,expand,
22435087,smtWeld,smtWeld,SMT,5,4,0.0,expand,
22435088,smtWeld,smtWeld,SMT,5,4,0.0,expand,
22435089,smtWeld,smtWeld,SMT,15,4,0.0,expand,
22435090,smtWeld,smtWeld,SMT,15,4,0.0,expand,
22435091,smtWeld,smtWeld,SMT,15,4,0.0,expand,-55℃~+150℃ 1 Independent 10uA@3V 1W 2Ω 5.86V~6.51V 6.2V SOD-123 Zener Diodes ROHS
22435092,smtWeld,smtWeld,SMT,5,4,0.0,expand,
22435093,smtWeld,smtWeld,SMT,5,4,0.0,expand,
22435094,smtWeld,smtWeld,SMT,15,4,0.0,expand,
22435095,smtWeld,smtWeld,SMT,5,4,0.0,expand,
22435096,smtWeld,smtWeld,SMT,5,4,0.0,expand,
22435097,smtWeld,smtWeld,SMT,15,4,0.0,expand,
22435098,smtWeld,smtWeld,SMT,15,4,0.0,expand,-55℃~+150℃ 1 Independent 10uA@6V 1W 4.5Ω 7.79V~8.67V 8.2V SOD-123 Zener Diodes ROHS
22466338,smtWeld,smtWeld,SMT,15,4,0.0,expand,
22466339,smtWeld,smtWeld,SMT,15,4,0.0,expand,
22466340,smtWeld,smtWeld,SMT,15,4,0.0,expand,
22466341,smtWeld,smtWeld,SMT,15,4,0.0,expand,
22466342,smtWeld,smtWeld,SMT,15,4,0.0,expand,-55℃~+150℃ 1 Independent 100nA@9V 11.76V~12.24V 12V 35Ω 500mW SOD-123 Zener Diodes ROHS
22466343,smtWeld,smtWeld,SMT,15,4,0.0,expand,
22466344,smtWeld,smtWeld,SMT,15,4,0.0,expand,-55℃~+150℃ 1 Independent 1uA@3V 500mW 50Ω 6.08V~6.32V 6.2V SOD-123 Zener Diodes ROHS
22466345,smtWeld,smtWeld,SMT,15,4,0.0,expand,
22466346,smtWeld,smtWeld,SMT,20,6,0.0,expand,
22466347,smtWeld,smtWeld,SMT,5,4,0.0,expand,-55℃~+150℃ 1 Independent 3A 40V 450mV@3A 500uA@40V SOD-123FL Schottky Diodes ROHS
22466348,smtWeld,smtWeld,SMT,5,4,0.0,expand,
22466349,smtWeld,smtWeld,SMT,5,4,0.0,expand,
22466350,smtWeld,smtWeld,SMT,10,4,0.0,expand,1 Pair Common Cathode 1V@100mA 200mA 2uA@25V 30V 600mA SOT-23 Schottky Diodes ROHS
22466351,smtWeld,smtWeld,SMT,15,4,0.0,expand,
22466352,smtWeld,smtWeld,SMT,15,4,0.0,expand,
22466353,smtWeld,smtWeld,SMT,5,4,0.0,expand,
22466354,smtWeld,smtWeld,SMT,15,4,0.0,expand,
22466355,smtWeld,smtWeld,SMT,15,4,0.0,expand,
22466356,smtWeld,smtWeld,SMT,15,4,0.0,expand,
22466357,smtWeld,smtWeld,SMT,20,6,0.0,expand,
22466358,smtWeld,smtWeld,SMT,15,4,0.0,expand,
22466359,smtWeld,smtWeld,SMT,20,6,0.0,expand,
22466360,smtWeld,smtWeld,SMT,20,6,0.0,expand,
22466361,smtWeld,smtWeld,SMT,20,6,0.0,expand,-55℃~+150℃ 1 Independent 10A 1A 1mA@30V 30V 550mV@1A SOD-323 Schottky Diodes ROHS
22466362,smtWeld,smtWeld,SMT,15,4,0.0,expand,
22466363,smtWeld,smtWeld,SMT,20,6,0.0,expand,
22466364,smtWeld,smtWeld,SMT,10,4,0.0,expand,
22466365,smtWeld,smtWeld,SMT,15,4,0.0,expand,
22466366,smtWeld,smtWeld,SMT,10,4,0.0,expand,1 Pair Common Cathode 100mA 100nA@50V 1V@15mA 70V 70mA SOT-323 Schottky Diodes ROHS
22466367,smtWeld,smtWeld,SMT,20,6,0.0,expand,
22466368,smtWeld,smtWeld,SMT,10,4,0.0,expand,
22466369,smtWeld,smtWeld,SMT,20,6,0.0,expand,
22466370,smtWeld,smtWeld,SMT,20,6,0.0,expand,
22466371,smtWeld,smtWeld,SMT,10,4,0.0,expand,
22466372,smtWeld,smtWeld,SMT,20,6,0.0,expand,-40℃~+125℃ 10uA@40V 1A 200mA 40V 550mV@100mA Standalone SOD-523 Schottky Diodes ROHS
22466373,smtWeld,smtWeld,SMT,10,4,0.0,expand,
22466374,smtWeld,smtWeld,SMT,10,4,0.0,expand,
22466375,smtWeld,smtWeld,SMT,20,6,0.0,expand,
22466376,smtWeld,smtWeld,SMT,10,4,0.0,expand,
22466377,smtWeld,smtWeld,SMT,15,4,0.0,expand,
22469448,smtWeld,smtWeld,SMT,10,4,0.0,expand,
22469449,smtWeld,smtWeld,SMT,5,4,0.0,expand,
28646260,smtWeld,smtWeld,SMT,20,6,0.0,expand,1V@40mA 200mA 20nA@30V 40V 600mA Standalone SOD-323 Schottky Diodes ROHS
28646261,smtWeld,smtWeld,SMT,10,4,0.0,expand,
28646262,smtWeld,smtWeld,SMT,10,4,0.0,expand,
28646263,smtWeld,smtWeld,SMT,5,4,0.0,expand,
28646264,smtWeld,smtWeld,SMT,10,4,0.0,expand,
28646265,smtWeld,smtWeld,SMT,10,4,0.0,expand,
28646266,smtWeld,smtWeld,SMT,10,4,0.0,expand,
28646267,smtWeld,smtWeld,SMT,5,2,0.0,expand,
28646268,smtWeld,smtWeld,SMT,10,4,0.0,expand,
28646269,smtWeld,smtWeld,SMT,5,4,0.0,expand,
28646270,smtWeld,smtWeld,SMT,5,4,0.0,expand,
28646271,smtWeld,smtWeld,SMT,5,4,0.0,expand,
28646272,smtWeld,smtWeld,SMT,10,4,0.0,expand,
28646273,smtWeld,smtWeld,SMT,5,4,0.0,expand,
28646274,smtWeld,smtWeld,SMT,5,4,0.0,expand,
28646275,smtWeld,smtWeld,SMT,5,4,0.0,expand,
28646276,smtWeld,smtWeld,SMT,5,2,0.0,expand,
28646288,smtWeld,smtWeld,SMT,5,4,0.0,expand,
28646289,smtWeld,smtWeld,SMT,5,4,0.0,expand,
28646290,smtWeld,smtWeld,SMT,15,4,0.0,expand,
28646291,smtWeld,smtWeld,SMT,15,4,0.0,expand,
28646293,smtWeld,smtWeld,SMT,2,0,0.0,expand,
28646294,smtWeld,smtWeld,SMT,5,2,0.0,expand,
28646297,smtWeld,smtWeld,SMT,2,0,0.0,expand,
28646298,smtWeld,smtWeld,SMT,15,4,0.0,expand,
28646300,smtWeld,smtWeld,SMT,5,2,0.0,expand,
28646301,smtWeld,smtWeld,SMT,5,2,0.0,expand,
28646303,smtWeld,smtWeld,SMT,15,4,0.0,expand,
1053,smtWeld,smtWeld,SMT,5,0,0.0,expand,
1133,smtWeld,smtWeld,SMT,5,5,0.0,expand,
9803,smtWeld,smtWeld,SMT,1,0,0.0,expand,
10000,smtWeld,smtWeld,SMT,2,0,0.0,expand,
14982,manualWeld,manualWeld,THT,5,5,0.0,expand,0805 Inductors (SMD) ROHS
14984,manualWeld,manualWeld,THT,5,5,0.0,expand,
14985,manualWeld,manualWeld,THT,5,5,0.0,expand,
14992,manualWeld,manualWeld,THT,5,5,0.0,expand,0805 Inductors (SMD) ROHS
14993,manualWeld,manualWeld,THT,5,5,0.0,expand,
16967,manualWeld,manualWeld,THT,5,5,0.0,expand,
23635,smtWeld,smtWeld,SMT,5,0,0.0,expand,
25740,smtWeld,smtWeld,SMT,5,5,0.0,expand,
27920,smtWeld,smtWeld,SMT,20,10,0.0,expand,
44161,smtWeld,smtWeld,SMT,5,5,0.0,expand,
49217,smtWeld,smtWeld,SMT,20,8,0.0,expand,
49340,smtWeld,smtWeld,SMT,5,2,0.0,expand,
50392,smtWeld,smtWeld,SMT,5,5,0.0,expand,
68176,smtWeld,smtWeld,SMT,5,5,0.0,expand,
72041,smtWeld,smtWeld,SMT,20,6,0.0,expand,
76718,smtWeld,smtWeld,SMT,2,0,0.0,expand,
93139,manualWeld,manualWeld,THT,5,0,0.0,expand,
96126,manualWeld,manualWeld,THT,5,0,0.0,expand,
96678,manualWeld,manualWeld,THT,5,5,0.0,expand,
101412,smtWeld,smtWeld,SMT,5,5,0.0,expand,105Ω ±1% 0805 Chip Resistor - Surface Mount ROHS
102654,smtWeld,smtWeld,SMT,1,0,0.0,expand,
102682,smtWeld,smtWeld,SMT,5,5,0.0,expand,
110745,smtWeld,smtWeld,SMT,10,4,0.0,expand,
110746,smtWeld,smtWeld,SMT,10,4,0.0,expand,
112767,manualWeld,manualWeld,THT,5,0,0.0,expand,"-40℃~+150℃@(Tj) 1 1A 25V 500mV@(1A) 55dB 9V Fixed Over Current Protection Positive TO-220IS-4 Voltage Regulators - Linear, Low Drop Out (LDO) Regulators ROHS"
112769,manualWeld,manualWeld,THT,5,5,0.0,expand,
112792,manualWeld,manualWeld,THT,5,5,0.0,expand,
125252,manualWeld,manualWeld,THT,5,0,0.0,expand,
125317,manualWeld,manualWeld,THT,5,0,0.0,expand,1 NPN 1.5V 100V 25W 3MHz 5V 6A 75 Independent NPN TO-220IS Bipolar (BJT) ROHS
125379,manualWeld,manualWeld,THT,2,0,0.0,expand,
126048,smtWeld,smtWeld,SMT,1,0,0.0,expand,
127638,manualWeld,manualWeld,THT,5,5,0.0,expand,
134411,smtWeld,smtWeld,SMT,5,2,0.0,expand,1V@100mA 200mA 2uA@25V 30V 600mA X1-DFN1006-2 Schottky Diodes ROHS
139745,smtWeld,smtWeld,SMT,5,5,0.0,expand,
141329,manualWeld,manualWeld,THT,1,0,0.0,expand,
142509,manualWeld,manualWeld,THT,5,5,0.0,expand,
145395,smtWeld,smtWeld,SMT,1,0,0.0,expand,
150480,smtWeld,smtWeld,SMT,5,0,0.0,expand,
151033,smtWeld,smtWeld,SMT,5,0,0.0,expand,
151401,manualWeld,manualWeld,THT,5,0,0.0,expand,
152622,smtWeld,smtWeld,SMT,1,0,0.0,expand,
153231,smtWeld,smtWeld,SMT,1,0,0.0,expand,
154573,smtWeld,smtWeld,SMT,5,0,0.0,expand,
155279,manualWeld,manualWeld,THT,5,5,0.0,expand,
155519,manualWeld,manualWeld,THT,5,5,0.0,expand,-55℃~+150℃ 1 NPN (Pre-Biased) 100mA 150mW 300mV 33 40V 4V 800mV SOT-523 Digital Transistors ROHS
158713,smtWeld,smtWeld,SMT,5,5,0.0,expand,
158730,smtWeld,smtWeld,SMT,5,5,0.0,expand,
158766,smtWeld,smtWeld,SMT,5,5,0.0,expand,
158772,smtWeld,smtWeld,SMT,5,5,0.0,expand,
158774,smtWeld,smtWeld,SMT,5,5,0.0,expand,
158786,smtWeld,smtWeld,SMT,5,5,0.0,expand,0201 Chip Resistor - Surface Mount ROHS
158799,smtWeld,smtWeld,SMT,5,5,0.0,expand,
158824,smtWeld,smtWeld,SMT,5,5,0.0,expand,
158834,smtWeld,smtWeld,SMT,5,5,0.0,expand,
158840,smtWeld,smtWeld,SMT,5,5,0.0,expand,
158850,smtWeld,smtWeld,SMT,5,5,0.0,expand,0201 Chip Resistor - Surface Mount ROHS
158856,smtWeld,smtWeld,SMT,5,5,0.0,expand,
161957,smtWeld,smtWeld,SMT,5,0,0.0,expand,
162769,smtWeld,smtWeld,SMT,5,5,0.0,expand,
162775,smtWeld,smtWeld,SMT,20,10,0.0,expand,
163715,smtWeld,smtWeld,SMT,5,0,0.0,expand,
170203,smtWeld,smtWeld,SMT,5,5,0.0,expand,
176911,smtWeld,smtWeld,SMT,2,0,0.0,expand,
176938,manualWeld,manualWeld,THT,5,5,0.0,expand,
177036,smtWeld,smtWeld,SMT,2,0,0.0,expand,-55℃~+150℃ 1 P-Channel 1.2V 103nC@10V 12.5mΩ@2.5V 20V 2W 3.35nF 460pF 50A 527pF P-Channel PowerDI3333-8 MOSFETs ROHS
177068,manualWeld,manualWeld,THT,5,0,0.0,expand,-65℃~+175℃ 1 Pair Common Cathode 10A 150A 200uA@300V 300V 920mV@10A ITO-220AB Super Barrier Rectifiers (SBR) ROHS
177080,manualWeld,manualWeld,THT,5,0,0.0,expand,
179354,manualWeld,manualWeld,THT,5,0,0.0,expand,
179443,smtWeld,smtWeld,SMT,2,0,0.0,expand,
179911,smtWeld,smtWeld,SMT,5,0,0.0,expand,
181408,smtWeld,smtWeld,SMT,1,0,0.0,expand,"-40℃~+125℃ 0.2pA 0.9V/us 130dB 1uV/℃ 2.5MHz 2.7V~12V 2.9mA 25mA 56uV 9nV/√Hz@1kHz Four channels Rail-to-Rail Input, Rail-to-Rail Output SOIC-14 Precision Op Amps ROHS"
181560,smtWeld,smtWeld,SMT,2,0,0.0,expand,
201823,smtWeld,smtWeld,SMT,5,4,0.0,expand,"-40℃~+85℃ 0.75dB 1dB 2.4GHz~2.5GHz 20dB 20dB 20dB 20dB 4.9GHz~5.9GHz SMD-6P,1.6x0.8mm Duplexers ROHS"
210446,manualWeld,manualWeld,THT,5,5,0.0,expand,
210484,manualWeld,manualWeld,THT,5,5,0.0,expand,
210489,manualWeld,manualWeld,THT,5,5,0.0,expand,
210496,manualWeld,manualWeld,THT,2,0,0.0,expand,
210695,manualWeld,manualWeld,THT,2,0,0.0,expand,
211340,manualWeld,manualWeld,THT,5,5,0.0,expand,
213461,manualWeld,manualWeld,THT,2,0,0.0,expand,
216007,manualWeld,manualWeld,THT,5,5,0.0,expand,
216669,manualWeld,manualWeld,THT,5,0,0.0,expand,
223123,smtWeld,smtWeld,SMT,5,2,0.0,expand,
231319,manualWeld,manualWeld,THT,2,0,0.0,expand,
232876,manualWeld,manualWeld,THT,5,5,0.0,expand,
233235,smtWeld,smtWeld,SMT,2,0,0.0,expand,
233624,smtWeld,smtWeld,SMT,1,0,0.0,expand,
233637,smtWeld,smtWeld,SMT,5,0,0.0,expand,
194275,manualWeld,manualWeld,THT,5,0,0.0,expand,
236260,smtWeld,smtWeld,SMT,1,0,0.0,expand,
238973,manualWeld,manualWeld,THT,5,5,0.0,expand,-55℃~+150℃ 1 PNP 1.2A 1.5W 10uA 250 500mV 5V 60V PNP SOT-223-4 Bipolar (BJT) ROHS
239744,smtWeld,smtWeld,SMT,5,5,0.0,expand,
239745,smtWeld,smtWeld,SMT,5,5,0.0,expand,11kΩ 50mW ±1% ±200ppm/℃ 0201 Chip Resistor - Surface Mount ROHS
239753,smtWeld,smtWeld,SMT,5,5,0.0,expand,
239756,smtWeld,smtWeld,SMT,5,5,0.0,expand,
239937,smtWeld,smtWeld,SMT,5,5,0.0,expand,
239943,smtWeld,smtWeld,SMT,5,5,0.0,expand,
239946,smtWeld,smtWeld,SMT,5,5,0.0,expand,
239949,smtWeld,smtWeld,SMT,5,5,0.0,expand,
239957,smtWeld,smtWeld,SMT,5,5,0.0,expand,
239964,smtWeld,smtWeld,SMT,5,5,0.0,expand,
239965,smtWeld,smtWeld,SMT,5,5,0.0,expand,
239971,smtWeld,smtWeld,SMT,5,5,0.0,expand,
239990,smtWeld,smtWeld,SMT,5,5,0.0,expand,
239991,smtWeld,smtWeld,SMT,5,5,0.0,expand,
239993,smtWeld,smtWeld,SMT,5,5,0.0,expand,
239998,smtWeld,smtWeld,SMT,20,10,0.0,expand,
240013,smtWeld,smtWeld,SMT,5,5,0.0,expand,30.1kΩ 50mW ±1% ±200ppm/℃ 0201 Chip Resistor - Surface Mount ROHS
240024,smtWeld,smtWeld,SMT,5,5,0.0,expand,
240030,smtWeld,smtWeld,SMT,5,5,0.0,expand,
240040,smtWeld,smtWeld,SMT,5,5,0.0,expand,
240048,smtWeld,smtWeld,SMT,5,5,0.0,expand,
240049,smtWeld,smtWeld,SMT,5,5,0.0,expand,
240053,smtWeld,smtWeld,SMT,5,5,0.0,expand,
240065,smtWeld,smtWeld,SMT,5,5,0.0,expand,
240067,smtWeld,smtWeld,SMT,5,5,0.0,expand,
240068,smtWeld,smtWeld,SMT,5,5,0.0,expand,
240070,smtWeld,smtWeld,SMT,5,5,0.0,expand,
240072,smtWeld,smtWeld,SMT,5,5,0.0,expand,
240078,smtWeld,smtWeld,SMT,5,5,0.0,expand,50mW 6.04kΩ ±1% ±200ppm/℃ 0201 Chip Resistor - Surface Mount ROHS
240087,smtWeld,smtWeld,SMT,5,5,0.0,expand,
240097,smtWeld,smtWeld,SMT,5,5,0.0,expand,50mW 75Ω ±1% ±200ppm/℃ 0201 Chip Resistor - Surface Mount ROHS
240105,smtWeld,smtWeld,SMT,5,5,0.0,expand,
240106,smtWeld,smtWeld,SMT,5,5,0.0,expand,
240109,smtWeld,smtWeld,SMT,5,5,0.0,expand,
240110,smtWeld,smtWeld,SMT,5,5,0.0,expand,
240115,smtWeld,smtWeld,SMT,5,5,0.0,expand,
240122,smtWeld,smtWeld,SMT,5,5,0.0,expand,1.1kΩ 50mW ±200ppm/℃ ±5% 0201 Chip Resistor - Surface Mount ROHS
240125,smtWeld,smtWeld,SMT,5,5,0.0,expand,
240143,smtWeld,smtWeld,SMT,5,5,0.0,expand,27Ω 50mW ±200ppm/℃ ±5% 0201 Chip Resistor - Surface Mount ROHS
240146,smtWeld,smtWeld,SMT,5,5,0.0,expand,
240149,smtWeld,smtWeld,SMT,5,5,0.0,expand,
240155,smtWeld,smtWeld,SMT,5,5,0.0,expand,
240170,smtWeld,smtWeld,SMT,5,5,0.0,expand,50mW 51kΩ ±200ppm/℃ ±5% 0201 Chip Resistor - Surface Mount ROHS
246996,smtWeld,smtWeld,SMT,5,5,0.0,expand,-55℃~+155℃ 120kΩ 25V 50mW Thick Film Resistor ±1% 0201 Chip Resistor - Surface Mount ROHS
255554,manualWeld,manualWeld,THT,5,5,0.0,expand,
255555,manualWeld,manualWeld,THT,5,0,0.0,expand,
255748,smtWeld,smtWeld,SMT,5,0,0.0,expand,
258222,smtWeld,smtWeld,SMT,1,0,0.0,expand,-55℃~+150℃ 10.8A 13mΩ@10V 2.67nF 285pF 3V 40V 475pF 49nC@10V 5W P-Channel SOIC-8 MOSFETs ROHS
258466,smtWeld,smtWeld,SMT,5,5,0.0,expand,
265389,manualWeld,manualWeld,THT,5,5,0.0,expand,
266191,smtWeld,smtWeld,SMT,2,0,0.0,expand,"-35℃~+85℃ 1.6N 24V 500,000 Cycles 50mA 5mm 6.2mm 6.2mm Round Button SMD(SMT) Tab SPST-NO Surface Mount,Vertical SMD Tactile Switches ROHS"
267339,smtWeld,smtWeld,SMT,5,5,0.0,expand,
273640,smtWeld,smtWeld,SMT,1,0,0.0,expand,
274660,smtWeld,smtWeld,SMT,1,0,0.0,expand,
275245,manualWeld,manualWeld,THT,5,5,0.0,expand,
282407,smtWeld,smtWeld,SMT,1,0,0.0,expand,
282463,smtWeld,smtWeld,SMT,2,0,0.0,expand,
283454,smtWeld,smtWeld,SMT,1,0,0.0,expand,
283625,manualWeld,manualWeld,THT,5,0,0.0,expand,
283531,smtWeld,smtWeld,SMT,2,0,0.0,expand,
285162,smtWeld,smtWeld,SMT,5,5,0.0,expand,
304524,smtWeld,smtWeld,SMT,5,5,0.0,expand,
304537,smtWeld,smtWeld,SMT,5,5,0.0,expand,
305729,manualWeld,manualWeld,THT,5,0,0.0,expand,
310176,smtWeld,smtWeld,SMT,20,10,0.0,expand,
321240,smtWeld,smtWeld,SMT,5,5,0.0,expand,
322578,smtWeld,smtWeld,SMT,5,5,0.0,expand,
327472,smtWeld,smtWeld,SMT,5,0,0.0,expand,
329916,manualWeld,manualWeld,THT,5,5,0.0,expand,"1 PNP Pre-Biased 2.86kΩ 200MHz 200mW 2V@20mA,300mV 300mV@100uA,5V 300mV@50mA,2.5mA 5.5 500mA 56 PNP SOT-23 Digital Transistors ROHS"
361097,manualWeld,manualWeld,THT,5,0,0.0,expand,"-40℃~+85℃ 0.25ns@5V,50pF 3uA 4.75V~5.25V 8/4 Output enable high-impedance、Tri-state output Single Supply SSOP-16-150mil Signal Switches, Multiplexers, Decoders ROHS"
361363,manualWeld,manualWeld,THT,5,0,0.0,expand,
367564,smtWeld,smtWeld,SMT,5,5,0.0,expand,
367578,smtWeld,smtWeld,SMT,5,5,0.0,expand,0201 Chip Resistor - Surface Mount ROHS
370937,manualWeld,manualWeld,THT,5,5,0.0,expand,
378971,manualWeld,manualWeld,THT,5,0,0.0,expand,
379003,manualWeld,manualWeld,THT,2,0,0.0,expand,
383243,smtWeld,smtWeld,SMT,5,2,0.0,expand,-55℃~+150℃ 1 N-channel 10nC@4.5V 150pF 17mΩ@4.5V 1V 20V 25pF 6.4A 95pF N-Channel SOT-23 MOSFETs ROHS
384824,smtWeld,smtWeld,SMT,5,5,0.0,expand,
384827,smtWeld,smtWeld,SMT,5,5,0.0,expand,
385065,smtWeld,smtWeld,SMT,5,1,0.0,expand,
396043,manualWeld,manualWeld,THT,2,0,0.0,expand,
397223,manualWeld,manualWeld,THT,1,0,0.0,expand,
397944,manualWeld,manualWeld,THT,5,5,0.0,expand,
397971,smtWeld,smtWeld,SMT,5,0,0.0,expand,
399657,manualWeld,manualWeld,THT,5,5,0.0,expand,
399682,manualWeld,manualWeld,THT,2,0,0.0,expand,
405192,manualWeld,manualWeld,THT,5,5,0.0,expand,
412240,manualWeld,manualWeld,THT,5,5,0.0,expand,
415358,manualWeld,manualWeld,THT,5,5,0.0,expand,
415472,manualWeld,manualWeld,THT,5,5,0.0,expand,
422652,smtWeld,smtWeld,SMT,15,4,0.0,expand,-55℃~+155℃ 120Ω 200V 250mW Thick Film Resistor ±0.5% ±100ppm/℃ 1206 Chip Resistor - Surface Mount ROHS
423785,smtWeld,smtWeld,SMT,5,5,0.0,expand,
428744,smtWeld,smtWeld,SMT,5,0,0.0,expand,
433166,manualWeld,manualWeld,THT,5,5,0.0,expand,
437258,smtWeld,smtWeld,SMT,1,0,0.0,expand,Interrupt response、RTC and timer、Low-power mode、High-speed peripheral interface、Hardware MAC acceleration、DMA data transfer LQFP-144(20x20) Digital Signal Processors (DSP/DSC) ROHS
437280,manualWeld,manualWeld,THT,5,0,0.0,expand,
437282,manualWeld,manualWeld,THT,5,0,0.0,expand,
438046,smtWeld,smtWeld,SMT,5,2,0.0,expand,-65℃~+150℃ 1uA 400V 400W@10/1000us 494V 600mA 648V TVS SMA ESD and Surge Protection (TVS/ESD) ROHS
440254,manualWeld,manualWeld,THT,1,0,0.0,expand,
442695,manualWeld,manualWeld,THT,5,5,0.0,expand,
444974,manualWeld,manualWeld,THT,5,0,0.0,expand,-40℃~+125℃@(Ta) 1.225V 100ppm/℃ 12mA 20uVrms 60uA Fixed Parallel ±1% SC-70-5 Voltage Reference ROHS
445508,manualWeld,manualWeld,THT,5,0,0.0,expand,-65℃~+175℃ 1 Pair Common Cathode 100uA@200V 200V 3A 80A 850mV@3A TO-252(DPAK) Super Barrier Rectifiers (SBR) ROHS
445697,smtWeld,smtWeld,SMT,5,2,0.0,expand,
445749,smtWeld,smtWeld,SMT,20,10,0.0,expand,
453770,smtWeld,smtWeld,SMT,20,10,0.0,expand,
454916,smtWeld,smtWeld,SMT,1,0,0.0,expand,
455148,smtWeld,smtWeld,SMT,5,0,0.0,expand,
457758,smtWeld,smtWeld,SMT,5,0,0.0,expand,
460348,smtWeld,smtWeld,SMT,5,0,0.0,expand,
460636,smtWeld,smtWeld,SMT,5,0,0.0,expand,
460640,manualWeld,manualWeld,THT,5,5,0.0,expand,
460641,manualWeld,manualWeld,THT,5,5,0.0,expand,
460644,manualWeld,manualWeld,THT,5,5,0.0,expand,
460659,manualWeld,manualWeld,THT,5,0,0.0,expand,
460671,manualWeld,manualWeld,THT,5,5,0.0,expand,
461024,manualWeld,manualWeld,THT,5,0,0.0,expand,
461056,smtWeld,smtWeld,SMT,5,0,0.0,expand,
461066,manualWeld,manualWeld,THT,5,5,0.0,expand,
461114,smtWeld,smtWeld,SMT,1,0,0.0,expand,
461140,smtWeld,smtWeld,SMT,2,0,0.0,expand,
461595,manualWeld,manualWeld,THT,5,0,0.0,expand,
462849,smtWeld,smtWeld,SMT,5,0,0.0,expand,
463099,smtWeld,smtWeld,SMT,5,2,0.0,expand,
463456,smtWeld,smtWeld,SMT,1,0,0.0,expand,
463837,smtWeld,smtWeld,SMT,5,0,0.0,expand,
463863,smtWeld,smtWeld,SMT,5,0,0.0,expand,
463873,smtWeld,smtWeld,SMT,5,2,0.0,expand,
464080,smtWeld,smtWeld,SMT,5,2,0.0,expand,
464238,smtWeld,smtWeld,SMT,1,0,0.0,expand,
476315,smtWeld,smtWeld,SMT,1,0,0.0,expand,"-40℃~+125℃ 100dB 10pA 11V/us 1pA 2.7nV/√Hz@10kHz 220mA 28MHz 3.7mA 400nV/℃ 50uV Built-in compensation、Overvoltage protection、Reverse-phase input protection Rail-to-Rail Input, Rail-to-Rail Output SOP-8 Precision Op Amps ROHS"
476344,smtWeld,smtWeld,SMT,1,0,0.0,expand,
476345,smtWeld,smtWeld,SMT,5,0,0.0,expand,
476384,smtWeld,smtWeld,SMT,2,0,0.0,expand,
476389,manualWeld,manualWeld,THT,5,0,0.0,expand,
495216,manualWeld,manualWeld,THT,5,0,0.0,expand,
502957,manualWeld,manualWeld,THT,5,0,0.0,expand,
502966,manualWeld,manualWeld,THT,5,0,0.0,expand,
504067,smtWeld,smtWeld,SMT,5,0,0.0,expand,
504121,smtWeld,smtWeld,SMT,1,0,0.0,expand,
504175,manualWeld,manualWeld,THT,5,5,0.0,expand,
505844,manualWeld,manualWeld,THT,2,0,0.0,expand,"1 15A 1x4P 300V 4 4P 5.08mm Board Side/Socket - Closed Green Right-Angle 弯插,P=5.08mm Pluggable System Terminal Block ROHS"
505846,manualWeld,manualWeld,THT,2,0,0.0,expand,
506093,manualWeld,manualWeld,THT,5,5,0.0,expand,
506095,smtWeld,smtWeld,SMT,5,0,0.0,expand,
506096,smtWeld,smtWeld,SMT,5,0,0.0,expand,
506107,smtWeld,smtWeld,SMT,5,2,0.0,expand,
506139,manualWeld,manualWeld,THT,5,0,0.0,expand,
506152,manualWeld,manualWeld,THT,5,0,0.0,expand,
506154,manualWeld,manualWeld,THT,5,0,0.0,expand,
506159,manualWeld,manualWeld,THT,5,5,0.0,expand,
509024,smtWeld,smtWeld,SMT,1,0,0.0,expand,
510544,smtWeld,smtWeld,SMT,5,2,0.0,expand,
511329,smtWeld,smtWeld,SMT,1,0,0.0,expand,
511850,smtWeld,smtWeld,SMT,1,0,0.0,expand,
514059,manualWeld,manualWeld,THT,5,5,0.0,expand,
516597,smtWeld,smtWeld,SMT,1,0,0.0,expand,
517951,smtWeld,smtWeld,SMT,1,0,0.0,expand,
522629,manualWeld,manualWeld,THT,5,0,0.0,expand,"SMD,4.5x3.2mm Gas Discharge Tube Arresters (GDT) ROHS"
522897,manualWeld,manualWeld,THT,5,5,0.0,expand,
522902,manualWeld,manualWeld,THT,5,0,0.0,expand,
522904,manualWeld,manualWeld,THT,5,0,0.0,expand,
522909,manualWeld,manualWeld,THT,5,0,0.0,expand,
522911,manualWeld,manualWeld,THT,5,0,0.0,expand,
522989,manualWeld,manualWeld,THT,5,5,0.0,expand,
522991,manualWeld,manualWeld,THT,5,0,0.0,expand,
523554,manualWeld,manualWeld,THT,5,5,0.0,expand,
525756,manualWeld,manualWeld,THT,5,0,0.0,expand,
525759,manualWeld,manualWeld,THT,5,0,0.0,expand,
526686,manualWeld,manualWeld,THT,5,5,0.0,expand,
526810,smtWeld,smtWeld,SMT,2,0,0.0,expand,-55℃~+150℃ 1 PNP 176MHz 1nA 2.4W 20V 47mV 6A 8.2V 900 PNP SOT-89 Bipolar (BJT) ROHS
556902,manualWeld,manualWeld,THT,5,0,0.0,expand,
576679,smtWeld,smtWeld,SMT,20,10,0.0,expand,
576691,smtWeld,smtWeld,SMT,5,5,0.0,expand,100pF 16V X7R ±10% 0201 Multilayer Ceramic Capacitors MLCC - SMD/SMT ROHS
576692,smtWeld,smtWeld,SMT,20,10,0.0,expand,150pF 16V X7R ±10% 0201 Multilayer Ceramic Capacitors MLCC - SMD/SMT ROHS
576982,smtWeld,smtWeld,SMT,20,6,0.0,expand,10pF 1kV ±5% 0805 Multilayer Ceramic Capacitors MLCC - SMD/SMT ROHS
596472,manualWeld,manualWeld,THT,5,5,0.0,expand,
604252,manualWeld,manualWeld,THT,1,0,0.0,expand,
616197,manualWeld,manualWeld,THT,5,5,0.0,expand,
619638,manualWeld,manualWeld,THT,5,0,0.0,expand,
619639,manualWeld,manualWeld,THT,5,5,0.0,expand,
619645,manualWeld,manualWeld,THT,5,5,0.0,expand,
619777,manualWeld,manualWeld,THT,5,0,0.0,expand,
619836,smtWeld,smtWeld,SMT,5,0,0.0,expand,
619919,manualWeld,manualWeld,THT,5,5,0.0,expand,
619945,manualWeld,manualWeld,THT,5,5,0.0,expand,
619967,manualWeld,manualWeld,THT,5,0,0.0,expand,
619969,manualWeld,manualWeld,THT,5,0,0.0,expand,
619970,manualWeld,manualWeld,THT,5,5,0.0,expand,
619992,manualWeld,manualWeld,THT,5,0,0.0,expand,"-40℃~+85℃ 1,000,000 cycles 2.5V~5.5V 200 Years 400kHz 5ms 8Kbit Hardware write protection function、Noise suppression function I2C TSSOP-8 EEPROM ROHS"
622380,manualWeld,manualWeld,THT,5,0,0.0,expand,
625093,smtWeld,smtWeld,SMT,1,0,0.0,expand,
625383,smtWeld,smtWeld,SMT,1,0,0.0,expand,
625804,manualWeld,manualWeld,THT,5,0,0.0,expand,
625862,manualWeld,manualWeld,THT,5,0,0.0,expand,
625863,manualWeld,manualWeld,THT,5,0,0.0,expand,
625984,manualWeld,manualWeld,THT,5,0,0.0,expand,
625985,manualWeld,manualWeld,THT,5,0,0.0,expand,
626101,manualWeld,manualWeld,THT,5,5,0.0,expand,
626105,smtWeld,smtWeld,SMT,2,0,0.0,expand,
626125,manualWeld,manualWeld,THT,5,0,0.0,expand,
626134,manualWeld,manualWeld,THT,5,0,0.0,expand,
626140,manualWeld,manualWeld,THT,5,5,0.0,expand,
626155,smtWeld,smtWeld,SMT,2,0,0.0,expand,
626156,smtWeld,smtWeld,SMT,2,0,0.0,expand,
626157,smtWeld,smtWeld,SMT,2,0,0.0,expand,
626158,smtWeld,smtWeld,SMT,2,0,0.0,expand,
626161,smtWeld,smtWeld,SMT,1,0,0.0,expand,
626166,manualWeld,manualWeld,THT,5,5,0.0,expand,
626167,manualWeld,manualWeld,THT,5,0,0.0,expand,
626168,manualWeld,manualWeld,THT,5,0,0.0,expand,
626169,manualWeld,manualWeld,THT,5,0,0.0,expand,
626170,manualWeld,manualWeld,THT,5,0,0.0,expand,
626171,manualWeld,manualWeld,THT,5,0,0.0,expand,
626172,manualWeld,manualWeld,THT,5,0,0.0,expand,
626173,manualWeld,manualWeld,THT,5,0,0.0,expand,
626174,manualWeld,manualWeld,THT,5,0,0.0,expand,
626175,manualWeld,manualWeld,THT,5,0,0.0,expand,-40℃~+125℃@(TJ) 1 140ms 4.1V Active Low Open Drain Simple Reset/Power-On Reset SOT-23-3 Supervisor and Reset ICs ROHS
626178,manualWeld,manualWeld,THT,5,5,0.0,expand,
626179,smtWeld,smtWeld,SMT,5,0,0.0,expand,-40℃~+125℃@(TJ) 1 20ms 4.38V Active Low Open Drain Simple Reset/Power-On Reset SOT-23-3 Supervisor and Reset ICs ROHS
626180,manualWeld,manualWeld,THT,5,0,0.0,expand,
626182,manualWeld,manualWeld,THT,5,0,0.0,expand,
626183,manualWeld,manualWeld,THT,5,0,0.0,expand,
626184,smtWeld,smtWeld,SMT,2,0,0.0,expand,
626185,manualWeld,manualWeld,THT,5,0,0.0,expand,
626186,smtWeld,smtWeld,SMT,2,0,0.0,expand,
626187,manualWeld,manualWeld,THT,5,5,0.0,expand,
626188,manualWeld,manualWeld,THT,5,5,0.0,expand,
626191,manualWeld,manualWeld,THT,5,0,0.0,expand,
626193,smtWeld,smtWeld,SMT,1,0,0.0,expand,
626195,manualWeld,manualWeld,THT,5,0,0.0,expand,
626201,manualWeld,manualWeld,THT,5,0,0.0,expand,
626209,manualWeld,manualWeld,THT,5,0,0.0,expand,
626219,smtWeld,smtWeld,SMT,1,0,0.0,expand,
626221,manualWeld,manualWeld,THT,5,5,0.0,expand,
626222,manualWeld,manualWeld,THT,5,5,0.0,expand,
626223,manualWeld,manualWeld,THT,5,0,0.0,expand,
626224,manualWeld,manualWeld,THT,5,5,0.0,expand,
626225,manualWeld,manualWeld,THT,5,0,0.0,expand,
626226,manualWeld,manualWeld,THT,5,0,0.0,expand,
626252,smtWeld,smtWeld,SMT,5,0,0.0,expand,
626253,manualWeld,manualWeld,THT,5,0,0.0,expand,SOT-23-5 Power Management - Specialized ROHS
626336,manualWeld,manualWeld,THT,5,5,0.0,expand,
626341,manualWeld,manualWeld,THT,5,5,0.0,expand,
626345,manualWeld,manualWeld,THT,5,0,0.0,expand,
626346,manualWeld,manualWeld,THT,5,0,0.0,expand,
626347,manualWeld,manualWeld,THT,5,5,0.0,expand,
626351,smtWeld,smtWeld,SMT,2,0,0.0,expand,
626354,manualWeld,manualWeld,THT,5,5,0.0,expand,
626355,manualWeld,manualWeld,THT,5,5,0.0,expand,
626356,manualWeld,manualWeld,THT,5,0,0.0,expand,
626360,manualWeld,manualWeld,THT,5,0,0.0,expand,
626380,manualWeld,manualWeld,THT,5,5,0.0,expand,"-40℃~+125℃@(Tj) 1 1.8V 120mV@(50mA) 50mA 6.5V 64dB@(1kHz) 80uA Fixed Over Current Protection、Over Temperature Protection、Enable Positive SOT-23-5 Voltage Regulators - Linear, Low Drop Out (LDO) Regulators ROHS"
626381,manualWeld,manualWeld,THT,5,0,0.0,expand,
626382,manualWeld,manualWeld,THT,5,0,0.0,expand,
626383,manualWeld,manualWeld,THT,5,5,0.0,expand,
626384,manualWeld,manualWeld,THT,5,0,0.0,expand,
626385,manualWeld,manualWeld,THT,5,0,0.0,expand,
626388,manualWeld,manualWeld,THT,5,0,0.0,expand,
626391,manualWeld,manualWeld,THT,5,5,0.0,expand,
626393,manualWeld,manualWeld,THT,5,0,0.0,expand,
626394,manualWeld,manualWeld,THT,5,0,0.0,expand,
626395,manualWeld,manualWeld,THT,5,0,0.0,expand,
626396,manualWeld,manualWeld,THT,5,0,0.0,expand,
626397,manualWeld,manualWeld,THT,5,0,0.0,expand,
626398,manualWeld,manualWeld,THT,5,5,0.0,expand,
626399,manualWeld,manualWeld,THT,5,0,0.0,expand,
626402,manualWeld,manualWeld,THT,5,0,0.0,expand,
626403,manualWeld,manualWeld,THT,5,0,0.0,expand,
626404,manualWeld,manualWeld,THT,5,5,0.0,expand,
626405,manualWeld,manualWeld,THT,5,0,0.0,expand,
626406,manualWeld,manualWeld,THT,5,5,0.0,expand,
626407,manualWeld,manualWeld,THT,5,0,0.0,expand,
626408,manualWeld,manualWeld,THT,5,0,0.0,expand,
626409,manualWeld,manualWeld,THT,5,0,0.0,expand,
626410,manualWeld,manualWeld,THT,5,5,0.0,expand,
626411,manualWeld,manualWeld,THT,5,0,0.0,expand,
626412,manualWeld,manualWeld,THT,5,0,0.0,expand,
626413,manualWeld,manualWeld,THT,5,5,0.0,expand,
626414,manualWeld,manualWeld,THT,5,0,0.0,expand,"-40℃~+125℃@(Tj) 1 100mA 2.7V 250mV@(100mA) 64dB@(1kHz) 6V 80uA Fixed Over Current Protection、Over Temperature Protection、Enable Positive SOT-23-6 Voltage Regulators - Linear, Low Drop Out (LDO) Regulators ROHS"
626415,manualWeld,manualWeld,THT,5,0,0.0,expand,
626417,manualWeld,manualWeld,THT,5,0,0.0,expand,
626418,manualWeld,manualWeld,THT,5,5,0.0,expand,
626419,manualWeld,manualWeld,THT,5,5,0.0,expand,
626420,manualWeld,manualWeld,THT,5,0,0.0,expand,
626421,manualWeld,manualWeld,THT,5,5,0.0,expand,
626429,smtWeld,smtWeld,SMT,2,0,0.0,expand,
626430,manualWeld,manualWeld,THT,5,0,0.0,expand,
626431,manualWeld,manualWeld,THT,5,5,0.0,expand,
626432,manualWeld,manualWeld,THT,5,0,0.0,expand,
626433,smtWeld,smtWeld,SMT,1,0,0.0,expand,"-40℃~+125℃@(Tj) 1 150mA 400mV@(100mA) 4V 6V 80uA 9dB@(1kHz) Fixed Over Current Protection、Over Temperature Protection、Enable Positive SOT-23-5 Voltage Regulators - Linear, Low Drop Out (LDO) Regulators ROHS"
626435,manualWeld,manualWeld,THT,5,5,0.0,expand,
626436,manualWeld,manualWeld,THT,5,0,0.0,expand,
626437,manualWeld,manualWeld,THT,5,5,0.0,expand,
626438,manualWeld,manualWeld,THT,5,0,0.0,expand,
626439,manualWeld,manualWeld,THT,5,0,0.0,expand,
626440,manualWeld,manualWeld,THT,5,0,0.0,expand,
626441,smtWeld,smtWeld,SMT,1,0,0.0,expand,
626442,manualWeld,manualWeld,THT,5,0,0.0,expand,
626443,manualWeld,manualWeld,THT,5,0,0.0,expand,
626444,manualWeld,manualWeld,THT,5,5,0.0,expand,
626453,manualWeld,manualWeld,THT,5,0,0.0,expand,
626454,manualWeld,manualWeld,THT,5,0,0.0,expand,
626455,manualWeld,manualWeld,THT,5,0,0.0,expand,
626456,manualWeld,manualWeld,THT,5,0,0.0,expand,
626457,manualWeld,manualWeld,THT,5,0,0.0,expand,
626458,manualWeld,manualWeld,THT,5,0,0.0,expand,
626459,manualWeld,manualWeld,THT,5,0,0.0,expand,
626460,manualWeld,manualWeld,THT,5,0,0.0,expand,
626461,manualWeld,manualWeld,THT,5,0,0.0,expand,
626462,manualWeld,manualWeld,THT,5,5,0.0,expand,
626463,manualWeld,manualWeld,THT,5,0,0.0,expand,"-40℃~+125℃@(Tj) 1 100mA 2.5V 250mV@(100mA) 64dB@(1kHz) 6V 80uA Fixed Over Current Protection、Over Temperature Protection、Enable Positive SOT-23-5 Voltage Regulators - Linear, Low Drop Out (LDO) Regulators ROHS"
626464,manualWeld,manualWeld,THT,5,5,0.0,expand,
626465,manualWeld,manualWeld,THT,5,0,0.0,expand,
626466,manualWeld,manualWeld,THT,5,0,0.0,expand,
626467,smtWeld,smtWeld,SMT,2,0,0.0,expand,
626468,manualWeld,manualWeld,THT,5,0,0.0,expand,"-40℃~+125℃@(Tj) 1 100mA 250mV@(100mA) 3V 64dB@(1kHz) 6V 80uA Fixed Over Current Protection、Over Temperature Protection Positive SOT-23-5 Voltage Regulators - Linear, Low Drop Out (LDO) Regulators ROHS"
626469,manualWeld,manualWeld,THT,5,0,0.0,expand,
626470,manualWeld,manualWeld,THT,5,0,0.0,expand,
626471,manualWeld,manualWeld,THT,5,0,0.0,expand,
626472,manualWeld,manualWeld,THT,5,0,0.0,expand,
626489,smtWeld,smtWeld,SMT,1,0,0.0,expand,
626513,smtWeld,smtWeld,SMT,2,0,0.0,expand,
626514,manualWeld,manualWeld,THT,5,0,0.0,expand,
626535,manualWeld,manualWeld,THT,5,0,0.0,expand,
626570,smtWeld,smtWeld,SMT,1,0,0.0,expand,-40℃~+85℃@(TA) 1 1uA 3V 700mV~10V Active Low Open-drain Voltage Detector SOT-23A-3 Supervisor and Reset ICs ROHS
626615,manualWeld,manualWeld,THT,5,0,0.0,expand,-40℃~+85℃@(Ta) 1 140ms 1V~5.5V 4V Active Low No No Push-pull Voltage Monitor SOT-23-3 Supervisor and Reset ICs ROHS
626616,manualWeld,manualWeld,THT,5,0,0.0,expand,
626618,manualWeld,manualWeld,THT,5,5,0.0,expand,
626620,manualWeld,manualWeld,THT,5,5,0.0,expand,
626623,smtWeld,smtWeld,SMT,2,0,0.0,expand,
626625,smtWeld,smtWeld,SMT,2,0,0.0,expand,
626627,manualWeld,manualWeld,THT,5,0,0.0,expand,
626629,manualWeld,manualWeld,THT,5,0,0.0,expand,
626630,manualWeld,manualWeld,THT,5,0,0.0,expand,
626631,manualWeld,manualWeld,THT,5,0,0.0,expand,
626632,manualWeld,manualWeld,THT,5,5,0.0,expand,
626633,manualWeld,manualWeld,THT,5,5,0.0,expand,
626634,manualWeld,manualWeld,THT,5,0,0.0,expand,
626635,manualWeld,manualWeld,THT,5,0,0.0,expand,
626636,manualWeld,manualWeld,THT,5,0,0.0,expand,
626637,manualWeld,manualWeld,THT,5,5,0.0,expand,
626638,manualWeld,manualWeld,THT,5,0,0.0,expand,
626639,manualWeld,manualWeld,THT,5,0,0.0,expand,
626640,manualWeld,manualWeld,THT,5,0,0.0,expand,
626642,manualWeld,manualWeld,THT,5,5,0.0,expand,
626643,manualWeld,manualWeld,THT,5,0,0.0,expand,
626644,smtWeld,smtWeld,SMT,2,0,0.0,expand,-40℃~+85℃@(Ta) 1 140ms 1V~5.5V 4.38V 9uA Active High No No Push-pull Voltage Monitor SOT-23-3 Supervisor and Reset ICs ROHS
626645,manualWeld,manualWeld,THT,5,0,0.0,expand,
626646,manualWeld,manualWeld,THT,5,0,0.0,expand,
626647,manualWeld,manualWeld,THT,5,5,0.0,expand,
626648,manualWeld,manualWeld,THT,5,0,0.0,expand,
626649,manualWeld,manualWeld,THT,5,0,0.0,expand,
625515,smtWeld,smtWeld,SMT,1,0,0.0,expand,
625577,manualWeld,manualWeld,THT,5,0,0.0,expand,
627644,smtWeld,smtWeld,SMT,1,0,0.0,expand,
627908,smtWeld,smtWeld,SMT,1,0,0.0,expand,SOIC-8 Power Management - Specialized ROHS
629193,smtWeld,smtWeld,SMT,1,0,0.0,expand,-55℃~+150℃ 1 N-channel 1.5Ω@10V 1.6W 100V 125pF 2V 3A SOT-89-3 MOSFETs ROHS
631978,manualWeld,manualWeld,THT,5,0,0.0,expand,
631980,manualWeld,manualWeld,THT,5,5,0.0,expand,
631981,manualWeld,manualWeld,THT,5,0,0.0,expand,
631982,manualWeld,manualWeld,THT,5,5,0.0,expand,
631986,manualWeld,manualWeld,THT,5,0,0.0,expand,
631988,manualWeld,manualWeld,THT,5,5,0.0,expand,TO-92-3 Power Management - Specialized ROHS
632002,manualWeld,manualWeld,THT,5,5,0.0,expand,
633090,manualWeld,manualWeld,THT,5,0,0.0,expand,
633093,manualWeld,manualWeld,THT,5,0,0.0,expand,
633105,manualWeld,manualWeld,THT,5,0,0.0,expand,"-40℃~+125℃@(Tj) 1 1.2V 200uVrms 300mA 5.5V 70dB@(1kHz) Fixed Over Current Protection、Over Temperature Protection、Enable Positive XDFN-6-EP(1.2x1.2) Voltage Regulators - Linear, Low Drop Out (LDO) Regulators ROHS"
633109,manualWeld,manualWeld,THT,5,0,0.0,expand,
633115,manualWeld,manualWeld,THT,5,0,0.0,expand,
633148,manualWeld,manualWeld,THT,5,5,0.0,expand,
633150,manualWeld,manualWeld,THT,5,5,0.0,expand,
633152,manualWeld,manualWeld,THT,5,0,0.0,expand,
633158,manualWeld,manualWeld,THT,5,5,0.0,expand,
633169,manualWeld,manualWeld,THT,5,5,0.0,expand,
633172,manualWeld,manualWeld,THT,5,0,0.0,expand,
633174,manualWeld,manualWeld,THT,5,0,0.0,expand,
633176,manualWeld,manualWeld,THT,5,0,0.0,expand,
633179,manualWeld,manualWeld,THT,5,0,0.0,expand,
633180,manualWeld,manualWeld,THT,5,5,0.0,expand,
636119,smtWeld,smtWeld,SMT,1,0,0.0,expand,
636122,smtWeld,smtWeld,SMT,1,0,0.0,expand,
636129,smtWeld,smtWeld,SMT,1,0,0.0,expand,
636277,smtWeld,smtWeld,SMT,1,0,0.0,expand,"-40℃~+85℃ 1 1.4V~6V 1.8uV/℃ 100kHz 170nV/√Hz@1kHz 1pA 1pA 20mA 3V/ms 3mV 600nA 80dB Decompensated stable、Enable/shutdown function Rail-to-Rail Input, Rail-to-Rail Output MSOP-8 Operational Amplifier ROHS"
636319,smtWeld,smtWeld,SMT,1,0,0.0,expand,
636347,smtWeld,smtWeld,SMT,1,0,0.0,expand,-40℃~+85℃ 1.5mV 1pA 2 3.3mV 4us 600nA Built-in hysteresis CMOS Rail-to-rail input MSOP-8 Comparators ROHS
637438,smtWeld,smtWeld,SMT,1,0,0.0,expand,
637507,smtWeld,smtWeld,SMT,1,0,0.0,expand,
637816,smtWeld,smtWeld,SMT,1,0,0.0,expand,
640423,manualWeld,manualWeld,THT,5,0,0.0,expand,
672118,smtWeld,smtWeld,SMT,2,0,0.0,expand,
672122,smtWeld,smtWeld,SMT,5,2,0.0,expand,
672152,smtWeld,smtWeld,SMT,1,0,0.0,expand,
672236,manualWeld,manualWeld,THT,5,0,0.0,expand,
672238,smtWeld,smtWeld,SMT,2,0,0.0,expand,
672361,manualWeld,manualWeld,THT,5,0,0.0,expand,
672375,smtWeld,smtWeld,SMT,1,0,0.0,expand,
672381,manualWeld,manualWeld,THT,5,5,0.0,expand,
674577,manualWeld,manualWeld,THT,5,0,0.0,expand,
691930,smtWeld,smtWeld,SMT,1,0,0.0,expand,
691970,smtWeld,smtWeld,SMT,1,0,0.0,expand,
695003,manualWeld,manualWeld,THT,5,0,0.0,expand,
702910,smtWeld,smtWeld,SMT,1,0,0.0,expand,-55℃~+175℃ 10uA 124A@10/1000us 33V 40.6V 53.3V 6.6kW@10/1000us TVS Unidirectional DO-218AB ESD and Surge Protection (TVS/ESD) ROHS
702913,smtWeld,smtWeld,SMT,5,4,0.0,expand,
702914,manualWeld,manualWeld,THT,5,5,0.0,expand,
702916,smtWeld,smtWeld,SMT,5,4,0.0,expand,-55℃~+125℃ 1 15pF 36V 430W@8/20us 45V 5.5A@8/20us 500nA 78V IEC 61000-4-2、IEC 61000-4-5、IEC 61000-4-4 TVS DFN1006-2L ESD and Surge Protection (TVS/ESD) ROHS
712491,manualWeld,manualWeld,THT,5,5,0.0,expand,
717876,smtWeld,smtWeld,SMT,5,0,0.0,expand,
719438,smtWeld,smtWeld,SMT,5,2,0.0,expand,
719440,manualWeld,manualWeld,THT,5,0,0.0,expand,
719444,manualWeld,manualWeld,THT,5,5,0.0,expand,
719455,manualWeld,manualWeld,THT,5,0,0.0,expand,
719464,manualWeld,manualWeld,THT,5,0,0.0,expand,
773397,manualWeld,manualWeld,THT,5,0,0.0,expand,
776192,smtWeld,smtWeld,SMT,5,1,0.0,expand,
777076,smtWeld,smtWeld,SMT,5,2,0.0,expand,
780765,manualWeld,manualWeld,THT,5,0,0.0,expand,
780896,manualWeld,manualWeld,THT,5,0,0.0,expand,
841356,manualWeld,manualWeld,THT,2,0,0.0,expand,
882958,smtWeld,smtWeld,SMT,20,10,0.0,expand,
908007,smtWeld,smtWeld,SMT,20,10,0.0,expand,
915920,smtWeld,smtWeld,SMT,5,2,0.0,expand,
915921,smtWeld,smtWeld,SMT,5,2,0.0,expand,
916001,smtWeld,smtWeld,SMT,1,0,0.0,expand,
962468,manualWeld,manualWeld,THT,5,0,0.0,expand,
966333,smtWeld,smtWeld,SMT,5,5,0.0,expand,
968834,manualWeld,manualWeld,THT,5,5,0.0,expand,
1323283,smtWeld,smtWeld,SMT,5,0,0.0,expand,
1585501,manualWeld,manualWeld,THT,5,0,0.0,expand,
1978374,manualWeld,manualWeld,THT,5,0,0.0,expand,
1979610,manualWeld,manualWeld,THT,5,0,0.0,expand,
1979626,manualWeld,manualWeld,THT,5,5,0.0,expand,
1979636,manualWeld,manualWeld,THT,5,0,0.0,expand,
1979903,manualWeld,manualWeld,THT,5,0,0.0,expand,
1980224,smtWeld,smtWeld,SMT,5,0,0.0,expand,
1980242,smtWeld,smtWeld,SMT,5,0,0.0,expand,
1984432,manualWeld,manualWeld,THT,5,0,0.0,expand,
2685729,smtWeld,smtWeld,SMT,2,0,0.0,expand,"1uH Magnetic Shielded Inductor ±20% SMD,6x6mm Power Inductors ROHS"
2688956,manualWeld,manualWeld,THT,5,0,0.0,expand,
2688966,manualWeld,manualWeld,THT,5,0,0.0,expand,
2688967,manualWeld,manualWeld,THT,5,0,0.0,expand,-55℃~+150℃ 16A 21pF 37W 380pF 4.3nF 4.5V 420mΩ@10V 500V 76nC@10V N-Channel TO-220F MOSFETs ROHS
2688979,manualWeld,manualWeld,THT,5,0,0.0,expand,
2688984,manualWeld,manualWeld,THT,5,0,0.0,expand,
2688987,manualWeld,manualWeld,THT,5,0,0.0,expand,
2688988,manualWeld,manualWeld,THT,5,5,0.0,expand,
2689023,manualWeld,manualWeld,THT,5,0,0.0,expand,
2689038,manualWeld,manualWeld,THT,5,0,0.0,expand,
2689041,manualWeld,manualWeld,THT,5,5,0.0,expand,
2689061,manualWeld,manualWeld,THT,5,0,0.0,expand,
2689107,manualWeld,manualWeld,THT,5,5,0.0,expand,
2689117,manualWeld,manualWeld,THT,5,5,0.0,expand,
2689130,manualWeld,manualWeld,THT,5,0,0.0,expand,
2691409,smtWeld,smtWeld,SMT,1,0,0.0,expand,
2692107,smtWeld,smtWeld,SMT,2,0,0.0,expand,
2692115,smtWeld,smtWeld,SMT,5,5,0.0,expand,"-55℃~+110℃ 1 1.2V 100mV@1mA,20mA 3.75kV 3us@2mA,100Ω 4us@2mA,100Ω 50mA 6V 80V DC Phototransistor SOP-4-2.54mm Transistor, Photovoltaic Output Optoisolators ROHS"
2692370,manualWeld,manualWeld,THT,5,5,0.0,expand,
2692450,smtWeld,smtWeld,SMT,1,0,0.0,expand,
2692466,manualWeld,manualWeld,THT,5,5,0.0,expand,
2692481,manualWeld,manualWeld,THT,5,5,0.0,expand,
2758763,smtWeld,smtWeld,SMT,20,10,0.0,expand,
2760656,smtWeld,smtWeld,SMT,5,2,0.0,expand,
2762079,smtWeld,smtWeld,SMT,2,0,0.0,expand,
2762285,smtWeld,smtWeld,SMT,5,5,0.0,expand,
2764483,manualWeld,manualWeld,THT,2,0,0.0,expand,
2767145,smtWeld,smtWeld,SMT,5,5,0.0,expand,
2767505,smtWeld,smtWeld,SMT,5,5,0.0,expand,
2767622,smtWeld,smtWeld,SMT,20,6,0.0,expand,
2767847,smtWeld,smtWeld,SMT,5,5,0.0,expand,-55℃~+155℃ 200V 250mW 840kΩ Thick Film Resistor ±1% ±100ppm/℃ 1206 Chip Resistor - Surface Mount ROHS
2767982,smtWeld,smtWeld,SMT,5,5,0.0,expand,
2768246,smtWeld,smtWeld,SMT,15,4,0.0,expand,-55℃~+155℃ 200V 500mW 50Ω Thick Film Resistor ±1% ±100ppm/℃ 1210 Chip Resistor - Surface Mount ROHS
2768956,smtWeld,smtWeld,SMT,5,5,0.0,expand,
2768981,smtWeld,smtWeld,SMT,5,5,0.0,expand,
2769101,smtWeld,smtWeld,SMT,5,2,0.0,expand,
2770122,smtWeld,smtWeld,SMT,15,4,0.0,expand,
2770506,smtWeld,smtWeld,SMT,5,5,0.0,expand,
2770887,smtWeld,smtWeld,SMT,20,6,0.0,expand,
2774001,smtWeld,smtWeld,SMT,5,5,0.0,expand,
2803545,manualWeld,manualWeld,THT,5,5,0.0,expand,
2827278,smtWeld,smtWeld,SMT,1,0,0.0,expand,
2828772,smtWeld,smtWeld,SMT,20,6,0.0,expand,
2829346,manualWeld,manualWeld,THT,5,5,0.0,expand,
2829402,smtWeld,smtWeld,SMT,5,2,0.0,expand,
2830603,smtWeld,smtWeld,SMT,2,0,0.0,expand,
2832566,manualWeld,manualWeld,THT,5,5,0.0,expand,-65℃~+150℃ 1 Independent 31V~35V 33V 350mW 50nA@23.1V 80Ω SOT-23 Zener Diodes ROHS
2832639,manualWeld,manualWeld,THT,5,5,0.0,expand,
2833635,smtWeld,smtWeld,SMT,20,10,0.0,expand,
2835402,smtWeld,smtWeld,SMT,20,10,0.0,expand,
2836457,manualWeld,manualWeld,THT,5,0,0.0,expand,
2839766,manualWeld,manualWeld,THT,5,5,0.0,expand,
2840812,manualWeld,manualWeld,THT,2,0,0.0,expand,
2841546,manualWeld,manualWeld,THT,5,5,0.0,expand,
2841895,smtWeld,smtWeld,SMT,10,4,0.0,expand,
2842921,smtWeld,smtWeld,SMT,5,2,0.0,expand,
2844513,smtWeld,smtWeld,SMT,5,2,0.0,expand,
2844870,smtWeld,smtWeld,SMT,5,2,0.0,expand,
2847096,manualWeld,manualWeld,THT,5,5,0.0,expand,
2847128,manualWeld,manualWeld,THT,5,5,0.0,expand,
2847129,manualWeld,manualWeld,THT,5,5,0.0,expand,
2847235,manualWeld,manualWeld,THT,2,1,0.0,expand,"-40℃~+105℃ 1.2Ω@100kHz 11mm 120mA@100kHz 2000hrs@105℃ 22uF 2mm 35V 5mm ±20% 插件,D5xL11mm Aluminum Electrolytic Capacitors - Leaded ROHS"
2858390,smtWeld,smtWeld,SMT,2,0,0.0,expand,
2858817,smtWeld,smtWeld,SMT,2,0,0.0,expand,
2859206,smtWeld,smtWeld,SMT,1,0,0.0,expand,
2870294,manualWeld,manualWeld,THT,1,0,0.0,expand,
2875367,manualWeld,manualWeld,THT,5,5,0.0,expand,
2875368,manualWeld,manualWeld,THT,5,5,0.0,expand,
2875372,manualWeld,manualWeld,THT,5,5,0.0,expand,
2875373,manualWeld,manualWeld,THT,2,0,0.0,expand,
2875375,manualWeld,manualWeld,THT,5,5,0.0,expand,
2875377,manualWeld,manualWeld,THT,5,5,0.0,expand,
2875378,manualWeld,manualWeld,THT,5,5,0.0,expand,
2876037,manualWeld,manualWeld,THT,1,0,0.0,expand,-40℃~+105℃ 125V 4P 5A Brass Male Silver Straight Header 插件 Circular Connectors & Cable Connectors ROHS
2876038,manualWeld,manualWeld,THT,1,0,0.0,expand,
2880406,manualWeld,manualWeld,THT,5,0,0.0,expand,
2884570,manualWeld,manualWeld,THT,2,0,0.0,expand,
2886033,manualWeld,manualWeld,THT,5,0,0.0,expand,
2889347,smtWeld,smtWeld,SMT,20,10,0.0,expand,
2889415,smtWeld,smtWeld,SMT,20,6,0.0,expand,
2889436,smtWeld,smtWeld,SMT,20,6,0.0,expand,
2889714,smtWeld,smtWeld,SMT,15,4,0.0,expand,
2889850,smtWeld,smtWeld,SMT,5,5,0.0,expand,
2891294,smtWeld,smtWeld,SMT,5,2,0.0,expand,
2891304,smtWeld,smtWeld,SMT,5,2,0.0,expand,
2891306,smtWeld,smtWeld,SMT,5,4,0.0,expand,
2891307,manualWeld,manualWeld,THT,5,5,0.0,expand,
2891666,smtWeld,smtWeld,SMT,5,4,0.0,expand,
2892498,smtWeld,smtWeld,SMT,5,4,0.0,expand,
2893035,manualWeld,manualWeld,THT,5,5,0.0,expand,
2893148,manualWeld,manualWeld,THT,5,5,0.0,expand,
2893942,manualWeld,manualWeld,THT,5,5,0.0,expand,
2894534,manualWeld,manualWeld,THT,2,1,0.0,expand,
2895047,manualWeld,manualWeld,THT,5,5,0.0,expand,
2895813,manualWeld,manualWeld,THT,2,0,0.0,expand,"-55℃~+105℃ 2.5mm 2000hrs 6.3V 680uF 6mm 9mm ±20% 插件,D6.3xL9mm Polymer Aluminum Capacitors ROHS"
2895830,manualWeld,manualWeld,THT,5,5,0.0,expand,
2896030,manualWeld,manualWeld,THT,2,2,0.0,expand,
2896035,manualWeld,manualWeld,THT,2,2,0.0,expand,
2896084,manualWeld,manualWeld,THT,5,5,0.0,expand,"1nF 500V 5mm Y5U ±20% 插件,P=5mm Through Hole Ceramic Capacitors ROHS"
2896085,manualWeld,manualWeld,THT,5,5,0.0,expand,
2896119,manualWeld,manualWeld,THT,2,0,0.0,expand,
2896142,manualWeld,manualWeld,THT,5,5,0.0,expand,
2896144,manualWeld,manualWeld,THT,5,5,0.0,expand,
2896174,manualWeld,manualWeld,THT,5,5,0.0,expand,"100pF 1kV 5mm Y5P ±10% 插件,P=5mm Through Hole Ceramic Capacitors ROHS"
2896175,manualWeld,manualWeld,THT,5,5,0.0,expand,
2896179,manualWeld,manualWeld,THT,2,2,0.0,expand,
2896180,manualWeld,manualWeld,THT,5,5,0.0,expand,
2896183,manualWeld,manualWeld,THT,5,5,0.0,expand,
2896195,manualWeld,manualWeld,THT,5,5,0.0,expand,
2896197,manualWeld,manualWeld,THT,5,5,0.0,expand,
2896198,manualWeld,manualWeld,THT,5,5,0.0,expand,
2896216,manualWeld,manualWeld,THT,2,0,0.0,expand,
2896217,manualWeld,manualWeld,THT,2,0,0.0,expand,
2896223,manualWeld,manualWeld,THT,2,0,0.0,expand,
2896224,manualWeld,manualWeld,THT,5,5,0.0,expand,
2896225,manualWeld,manualWeld,THT,2,0,0.0,expand,"1kV 1nF 5mm 9mm ±10% 插件,P=5mm Through Hole Ceramic Capacitors ROHS"
2896226,manualWeld,manualWeld,THT,2,0,0.0,expand,
2896254,manualWeld,manualWeld,THT,5,5,0.0,expand,
2896258,manualWeld,manualWeld,THT,5,5,0.0,expand,
2896333,manualWeld,manualWeld,THT,5,5,0.0,expand,
2896334,manualWeld,manualWeld,THT,2,1,0.0,expand,
2896335,manualWeld,manualWeld,THT,5,5,0.0,expand,
2896379,manualWeld,manualWeld,THT,5,5,0.0,expand,
2896381,manualWeld,manualWeld,THT,5,5,0.0,expand,"1kV 2.2nF 5mm Y5P ±10% 插件,P=5mm Through Hole Ceramic Capacitors ROHS"
2896382,manualWeld,manualWeld,THT,2,0,0.0,expand,"1kV 2.2nF 5mm Y5P ±10% 插件,P=5mm Through Hole Ceramic Capacitors ROHS"
2896386,manualWeld,manualWeld,THT,5,5,0.0,expand,
2896389,manualWeld,manualWeld,THT,5,5,0.0,expand,"1kV 2.2nF 5mm Y5P ±10% 插件,P=5mm Through Hole Ceramic Capacitors ROHS"
2896392,manualWeld,manualWeld,THT,2,0,0.0,expand,"1kV 2.2nF 7.5mm Y5P ±10% 插件,P=7.5mm Through Hole Ceramic Capacitors ROHS"
2896393,manualWeld,manualWeld,THT,5,5,0.0,expand,
2896394,manualWeld,manualWeld,THT,5,5,0.0,expand,
2896395,manualWeld,manualWeld,THT,2,0,0.0,expand,
2896396,manualWeld,manualWeld,THT,2,0,0.0,expand,
2896443,manualWeld,manualWeld,THT,5,5,0.0,expand,"2kV 33pF 5.5mm 5mm ±10% 插件,P=5mm Through Hole Ceramic Capacitors ROHS"
2896496,manualWeld,manualWeld,THT,5,5,0.0,expand,
2896506,manualWeld,manualWeld,THT,2,0,0.0,expand,"2kV 470pF 7.5mm Y5P ±10% 插件,P=7.5mm Through Hole Ceramic Capacitors ROHS"
2896507,manualWeld,manualWeld,THT,5,5,0.0,expand,
2896511,manualWeld,manualWeld,THT,2,1,0.0,expand,
2896516,manualWeld,manualWeld,THT,5,5,0.0,expand,
2898527,manualWeld,manualWeld,THT,2,0,0.0,expand,
2898649,manualWeld,manualWeld,THT,5,5,0.0,expand,
2901310,smtWeld,smtWeld,SMT,5,4,0.0,expand,
2901402,manualWeld,manualWeld,THT,5,5,0.0,expand,
2903111,manualWeld,manualWeld,THT,5,5,0.0,expand,
2903933,smtWeld,smtWeld,SMT,5,1,0.0,expand,
2903940,smtWeld,smtWeld,SMT,5,4,0.0,expand,
2903941,smtWeld,smtWeld,SMT,5,2,0.0,expand,
2903995,smtWeld,smtWeld,SMT,2,0,0.0,expand,
2904260,smtWeld,smtWeld,SMT,5,2,0.0,expand,
2904500,smtWeld,smtWeld,SMT,5,5,0.0,expand,
2904553,smtWeld,smtWeld,SMT,20,6,0.0,expand,
2904558,smtWeld,smtWeld,SMT,15,4,0.0,expand,
2904868,manualWeld,manualWeld,THT,2,0,0.0,expand,
2905903,manualWeld,manualWeld,THT,2,0,0.0,expand,
2905916,manualWeld,manualWeld,THT,5,0,0.0,expand,
2909248,manualWeld,manualWeld,THT,5,0,0.0,expand,
2910025,smtWeld,smtWeld,SMT,2,0,0.0,expand,
2911390,smtWeld,smtWeld,SMT,20,10,0.0,expand,
2912572,smtWeld,smtWeld,SMT,5,4,0.0,expand,
2912663,smtWeld,smtWeld,SMT,5,2,0.0,expand,
2912676,manualWeld,manualWeld,THT,5,5,0.0,expand,
2912728,smtWeld,smtWeld,SMT,5,5,0.0,expand,
2913981,manualWeld,manualWeld,THT,5,5,0.0,expand,
2913983,manualWeld,manualWeld,THT,5,5,0.0,expand,
2913984,manualWeld,manualWeld,THT,5,5,0.0,expand,
2913988,manualWeld,manualWeld,THT,5,5,0.0,expand,
2913989,manualWeld,manualWeld,THT,5,5,0.0,expand,
2913990,manualWeld,manualWeld,THT,5,5,0.0,expand,
2913991,manualWeld,manualWeld,THT,5,5,0.0,expand,
2915677,smtWeld,smtWeld,SMT,20,6,0.0,expand,
2915749,smtWeld,smtWeld,SMT,20,6,0.0,expand,
2916117,smtWeld,smtWeld,SMT,20,6,0.0,expand,
2918325,manualWeld,manualWeld,THT,5,0,0.0,expand,
2918494,smtWeld,smtWeld,SMT,15,4,0.0,expand,
2918500,smtWeld,smtWeld,SMT,5,5,0.0,expand,
2918937,smtWeld,smtWeld,SMT,5,4,0.0,expand,
2919130,manualWeld,manualWeld,THT,5,5,0.0,expand,
2919164,manualWeld,manualWeld,THT,5,5,0.0,expand,
2919188,manualWeld,manualWeld,THT,5,5,0.0,expand,
2919189,manualWeld,manualWeld,THT,2,0,0.0,expand,
2919190,manualWeld,manualWeld,THT,5,5,0.0,expand,
2919192,manualWeld,manualWeld,THT,5,5,0.0,expand,
2919193,manualWeld,manualWeld,THT,2,0,0.0,expand,
2919194,manualWeld,manualWeld,THT,5,5,0.0,expand,
2919196,manualWeld,manualWeld,THT,2,0,0.0,expand,
2919197,manualWeld,manualWeld,THT,2,0,0.0,expand,"-40℃~+125℃ 250V、400V 470pF CQC、UL、VDE、KC X1,Y1 ±20% 插件,P=10mm Safety Capacitors ROHS"
2919208,manualWeld,manualWeld,THT,5,5,0.0,expand,
2919211,manualWeld,manualWeld,THT,2,0,0.0,expand,"-40℃~+125℃ 250V 4.7nF Y1 ±20% 插件,P=10mm Safety Capacitors ROHS"
2919212,manualWeld,manualWeld,THT,5,5,0.0,expand,"-40℃~+125℃ 250V 4.7nF Y1 ±20% 插件,P=10mm Safety Capacitors ROHS"
2919215,manualWeld,manualWeld,THT,5,5,0.0,expand,
2919218,manualWeld,manualWeld,THT,2,0,0.0,expand,
2919220,manualWeld,manualWeld,THT,2,0,0.0,expand,
2919221,manualWeld,manualWeld,THT,5,5,0.0,expand,"-40℃~+125℃ 250V、400V 68pF CQC、UL、VDE、KC X1,Y1 ±10% 插件,P=9mm Safety Capacitors ROHS"
2919222,manualWeld,manualWeld,THT,5,5,0.0,expand,
2919223,manualWeld,manualWeld,THT,5,5,0.0,expand,
2919224,manualWeld,manualWeld,THT,5,5,0.0,expand,
2919225,manualWeld,manualWeld,THT,5,5,0.0,expand,
2919226,manualWeld,manualWeld,THT,5,5,0.0,expand,
2919227,manualWeld,manualWeld,THT,5,5,0.0,expand,
2919228,manualWeld,manualWeld,THT,5,5,0.0,expand,
2919229,manualWeld,manualWeld,THT,5,5,0.0,expand,
2919230,manualWeld,manualWeld,THT,5,5,0.0,expand,
2919232,manualWeld,manualWeld,THT,5,5,0.0,expand,
2919234,manualWeld,manualWeld,THT,2,1,0.0,expand,
2919241,manualWeld,manualWeld,THT,5,5,0.0,expand,
2919246,manualWeld,manualWeld,THT,2,0,0.0,expand,
2919250,manualWeld,manualWeld,THT,2,0,0.0,expand,
2919287,manualWeld,manualWeld,THT,2,0,0.0,expand,
2919290,manualWeld,manualWeld,THT,5,5,0.0,expand,
2919291,manualWeld,manualWeld,THT,5,5,0.0,expand,
2919292,manualWeld,manualWeld,THT,5,5,0.0,expand,
2919294,manualWeld,manualWeld,THT,5,5,0.0,expand,
2919296,manualWeld,manualWeld,THT,5,5,0.0,expand,
2919299,manualWeld,manualWeld,THT,2,0,0.0,expand,
2919301,manualWeld,manualWeld,THT,5,5,0.0,expand,
2919303,manualWeld,manualWeld,THT,5,5,0.0,expand,
2919315,manualWeld,manualWeld,THT,5,5,0.0,expand,
2919316,manualWeld,manualWeld,THT,5,5,0.0,expand,
2919317,manualWeld,manualWeld,THT,5,5,0.0,expand,
2919319,manualWeld,manualWeld,THT,5,5,0.0,expand,"2.5kA 300V 385V 470V 7.5mm 775V 插件,P=7.5mm Varistors ROHS"
2919321,manualWeld,manualWeld,THT,2,0,0.0,expand,
2919322,manualWeld,manualWeld,THT,2,0,0.0,expand,
2919323,manualWeld,manualWeld,THT,2,0,0.0,expand,
2919332,manualWeld,manualWeld,THT,2,0,0.0,expand,
2919335,manualWeld,manualWeld,THT,2,0,0.0,expand,
2919336,manualWeld,manualWeld,THT,2,0,0.0,expand,
2919337,manualWeld,manualWeld,THT,2,0,0.0,expand,
2919341,manualWeld,manualWeld,THT,5,0,0.0,expand,
2919342,manualWeld,manualWeld,THT,5,5,0.0,expand,
2919345,manualWeld,manualWeld,THT,5,0,0.0,expand,"1.12kV 4.5kA 420V 565V 680V 7.5mm 插件,P=7.5mm Varistors ROHS"
2919346,manualWeld,manualWeld,THT,5,0,0.0,expand,
2919347,manualWeld,manualWeld,THT,5,0,0.0,expand,
2919349,manualWeld,manualWeld,THT,5,0,0.0,expand,
2919350,manualWeld,manualWeld,THT,5,5,0.0,expand,
2919351,manualWeld,manualWeld,THT,5,5,0.0,expand,
2919352,manualWeld,manualWeld,THT,2,0,0.0,expand,
2919353,manualWeld,manualWeld,THT,2,0,0.0,expand,
2919354,manualWeld,manualWeld,THT,2,0,0.0,expand,
2919355,manualWeld,manualWeld,THT,2,0,0.0,expand,
2919357,manualWeld,manualWeld,THT,2,0,0.0,expand,
2919358,manualWeld,manualWeld,THT,2,0,0.0,expand,
2919359,manualWeld,manualWeld,THT,5,5,0.0,expand,
2919360,manualWeld,manualWeld,THT,2,0,0.0,expand,
2919365,manualWeld,manualWeld,THT,2,0,0.0,expand,"-40℃~+170℃ 10Ω 13mW/℃ 2800K 3A 55s 5mm 插件,P=5mm NTC Thermistors ROHS"
2919379,manualWeld,manualWeld,THT,5,5,0.0,expand,"-40℃~170℃ 20Ω 30s 3200K 4A 7.5mm 9mW/℃ ±20% 插件,P=7.5mm NTC Thermistors ROHS"
2919381,manualWeld,manualWeld,THT,2,0,0.0,expand,
2919382,manualWeld,manualWeld,THT,5,5,0.0,expand,
2919384,manualWeld,manualWeld,THT,2,0,0.0,expand,
2919386,manualWeld,manualWeld,THT,5,5,0.0,expand,
2919387,manualWeld,manualWeld,THT,5,5,0.0,expand,
2919389,manualWeld,manualWeld,THT,5,5,0.0,expand,
2919390,manualWeld,manualWeld,THT,5,5,0.0,expand,
2919406,manualWeld,manualWeld,THT,5,5,0.0,expand,
2919409,manualWeld,manualWeld,THT,5,5,0.0,expand,
2919411,manualWeld,manualWeld,THT,5,5,0.0,expand,
2919414,manualWeld,manualWeld,THT,5,5,0.0,expand,"-40℃~+170℃ 13mW/℃ 2700K 4A 55s 5mm 5Ω ±20% 插件,P=5mm NTC Thermistors ROHS"
2919416,manualWeld,manualWeld,THT,5,5,0.0,expand,
2919419,manualWeld,manualWeld,THT,5,5,0.0,expand,
2919421,manualWeld,manualWeld,THT,5,5,0.0,expand,
2919422,manualWeld,manualWeld,THT,5,5,0.0,expand,
2919423,manualWeld,manualWeld,THT,5,5,0.0,expand,"-40℃~+170℃ 5Ω 7.5mm 插件,P=7.5mm NTC Thermistors ROHS"
2919424,manualWeld,manualWeld,THT,5,5,0.0,expand,"-40℃~+170℃ 2800K 5A 5Ω 7.5mm 插件,P=7.5mm NTC Thermistors ROHS"
2919426,manualWeld,manualWeld,THT,5,5,0.0,expand,
2919427,manualWeld,manualWeld,THT,5,5,0.0,expand,"-40℃~+170℃ 2800K 30s 5Ω 6A 7.5mm 9mW/℃ 插件,P=7.5mm NTC Thermistors ROHS"
2919428,manualWeld,manualWeld,THT,2,0,0.0,expand,
2919436,manualWeld,manualWeld,THT,5,5,0.0,expand,
2919438,manualWeld,manualWeld,THT,5,5,0.0,expand,"-40℃~+170℃ 2.5Ω 2700K 55s 5A 7.5mm ±20% 插件,P=7.5mm NTC Thermistors ROHS"
2919441,manualWeld,manualWeld,THT,5,5,0.0,expand,
2919442,manualWeld,manualWeld,THT,5,5,0.0,expand,
2919443,manualWeld,manualWeld,THT,5,5,0.0,expand,
2921259,manualWeld,manualWeld,THT,5,0,0.0,expand,
2922156,manualWeld,manualWeld,THT,5,0,0.0,expand,
2922164,manualWeld,manualWeld,THT,2,0,0.0,expand,-55℃~+150℃ 1.05V@17.5A 10A@1kV 1kV 350A 35A GBJ Bridge Rectifiers ROHS
2923783,smtWeld,smtWeld,SMT,2,0,0.0,expand,
2923793,manualWeld,manualWeld,THT,5,0,0.0,expand,"220nH 310mΩ 44A 52A ±10% SMD,10.4x8mm Power Inductors ROHS"
2923839,manualWeld,manualWeld,THT,5,5,0.0,expand,
2923847,manualWeld,manualWeld,THT,5,5,0.0,expand,
2923850,manualWeld,manualWeld,THT,5,5,0.0,expand,
2923855,manualWeld,manualWeld,THT,5,5,0.0,expand,
2923872,manualWeld,manualWeld,THT,5,5,0.0,expand,
2926307,manualWeld,manualWeld,THT,5,5,0.0,expand,
2927908,manualWeld,manualWeld,THT,2,0,0.0,expand,
2928925,smtWeld,smtWeld,SMT,5,0,0.0,expand,
2929257,smtWeld,smtWeld,SMT,5,4,0.0,expand,
2929930,smtWeld,smtWeld,SMT,20,10,0.0,expand,
2932528,manualWeld,manualWeld,THT,5,0,0.0,expand,SOT-23-5L DC-DC Converters ROHS
2932778,manualWeld,manualWeld,THT,5,5,0.0,expand,
2933034,smtWeld,smtWeld,SMT,5,2,0.0,expand,
2933784,smtWeld,smtWeld,SMT,15,4,0.0,expand,
2934145,smtWeld,smtWeld,SMT,5,5,0.0,expand,
2934674,smtWeld,smtWeld,SMT,5,0,0.0,expand,
2934762,manualWeld,manualWeld,THT,5,5,0.0,expand,-40℃~+85℃ 32V 4 500nA 50mA 65dB 9mV SOIC-14 Operational Amplifier ROHS
2934763,manualWeld,manualWeld,THT,5,5,0.0,expand,
2934764,manualWeld,manualWeld,THT,5,0,0.0,expand,-40℃~+85℃ 500mA 50V Seven channels DIP-16 Darlington Transistor Arrays ROHS
2934961,manualWeld,manualWeld,THT,5,5,0.0,expand,
2935074,manualWeld,manualWeld,THT,5,5,0.0,expand,
2935076,manualWeld,manualWeld,THT,5,5,0.0,expand,
2936158,smtWeld,smtWeld,SMT,2,0,0.0,expand,10nF 3kV X7R ±10% 1825 Multilayer Ceramic Capacitors MLCC - SMD/SMT ROHS
2936647,smtWeld,smtWeld,SMT,2,0,0.0,expand,
2937053,smtWeld,smtWeld,SMT,1,0,0.0,expand,"-40℃~+85℃ 0.55mA 25ns@15V,50pF 3.3mA 3.6mA 3V~15V Decoder Single Supply Tri-state output WSOP-20 Signal Switches, Multiplexers, Decoders ROHS"
2937342,smtWeld,smtWeld,SMT,2,0,0.0,expand,
2937345,smtWeld,smtWeld,SMT,2,0,0.0,expand,
2937654,smtWeld,smtWeld,SMT,1,0,0.0,expand,
2939167,manualWeld,manualWeld,THT,5,0,0.0,expand,
2939793,smtWeld,smtWeld,SMT,2,0,0.0,expand,
2942891,manualWeld,manualWeld,THT,5,0,0.0,expand,
2943047,smtWeld,smtWeld,SMT,5,2,0.0,expand,
2943725,manualWeld,manualWeld,THT,5,5,0.0,expand,"-40℃~+110℃ 100nF 310V X2 ±10% 插件,P=10mm Safety Capacitors ROHS"
2943866,manualWeld,manualWeld,THT,5,0,0.0,expand,
2944962,manualWeld,manualWeld,THT,5,5,0.0,expand,
2953635,manualWeld,manualWeld,THT,5,0,0.0,expand,
2953755,manualWeld,manualWeld,THT,5,5,0.0,expand,
2953760,manualWeld,manualWeld,THT,5,0,0.0,expand,
2954037,manualWeld,manualWeld,THT,5,5,0.0,expand,
2959791,smtWeld,smtWeld,SMT,2,0,0.0,expand,
2960552,manualWeld,manualWeld,THT,5,5,0.0,expand,
2962207,manualWeld,manualWeld,THT,2,0,0.0,expand,
2963026,smtWeld,smtWeld,SMT,5,0,0.0,expand,
2963027,manualWeld,manualWeld,THT,5,0,0.0,expand,- Pre-ordered Products ROHS
2963028,manualWeld,manualWeld,THT,5,0,0.0,expand,
2963029,manualWeld,manualWeld,THT,5,5,0.0,expand,
2963032,manualWeld,manualWeld,THT,5,0,0.0,expand,
2963036,manualWeld,manualWeld,THT,5,0,0.0,expand,
2972538,smtWeld,smtWeld,SMT,5,4,0.0,expand,
2974575,smtWeld,smtWeld,SMT,5,4,0.0,expand,
2974583,manualWeld,manualWeld,THT,5,0,0.0,expand,
2974936,manualWeld,manualWeld,THT,1,0,0.0,expand,
2974950,manualWeld,manualWeld,THT,2,0,0.0,expand,
2975466,manualWeld,manualWeld,THT,5,0,0.0,expand,
2975499,smtWeld,smtWeld,SMT,15,4,0.0,expand,
2977988,smtWeld,smtWeld,SMT,5,5,0.0,expand,
2978601,manualWeld,manualWeld,THT,5,0,0.0,expand,
2979063,smtWeld,smtWeld,SMT,2,0,0.0,expand,"1 1.5A 10mm 30V 4P Female Surface Mount, Right Angle Type-A SMD USB Connectors ROHS"
2979763,smtWeld,smtWeld,SMT,5,2,0.0,expand,
2979774,smtWeld,smtWeld,SMT,5,0,0.0,expand,
2979997,smtWeld,smtWeld,SMT,5,2,0.0,expand,
2980113,manualWeld,manualWeld,THT,5,5,0.0,expand,
2980595,manualWeld,manualWeld,THT,2,0,0.0,expand,
2980796,manualWeld,manualWeld,THT,5,5,0.0,expand,0402 Pre-ordered Products ROHS
2980797,manualWeld,manualWeld,THT,5,5,0.0,expand,0603 Pre-ordered Products ROHS
2980799,smtWeld,smtWeld,SMT,20,6,0.0,expand,
2980800,manualWeld,manualWeld,THT,5,5,0.0,expand,
2980806,manualWeld,manualWeld,THT,5,5,0.0,expand,
2980807,manualWeld,manualWeld,THT,5,5,0.0,expand,
2980808,manualWeld,manualWeld,THT,5,5,0.0,expand,
2980809,manualWeld,manualWeld,THT,5,5,0.0,expand,
2980810,manualWeld,manualWeld,THT,5,5,0.0,expand,
2980811,smtWeld,smtWeld,SMT,5,5,0.0,expand,
2981393,smtWeld,smtWeld,SMT,2,0,0.0,expand,"3.6A 33uH 65mΩ Unshielded Inductor ±20% SMD,12.5x12.5mm Power Inductors ROHS"
2981641,smtWeld,smtWeld,SMT,5,2,0.0,expand,
2981643,manualWeld,manualWeld,THT,5,5,0.0,expand,-40℃~+85℃ 12MHz 20pF Crystal Oscillator ±10ppm SMD3225-4P Crystals ROHS
2983064,smtWeld,smtWeld,SMT,2,0,0.0,expand,
2983416,smtWeld,smtWeld,SMT,2,0,0.0,expand,
2984507,smtWeld,smtWeld,SMT,5,5,0.0,expand,
2984763,smtWeld,smtWeld,SMT,1,0,0.0,expand,
2985014,smtWeld,smtWeld,SMT,2,0,0.0,expand,-65℃~+150℃ 1 Independent 1.25V@6A 150A 35ns 400V 6A 950nA SMC(DO-214AB) Fast Recovery / High Efficiency Diodes ROHS
2985015,smtWeld,smtWeld,SMT,2,0,0.0,expand,
2985910,manualWeld,manualWeld,THT,2,0,0.0,expand,
2986177,smtWeld,smtWeld,SMT,5,0,0.0,expand,
2986278,smtWeld,smtWeld,SMT,5,2,0.0,expand,
2987345,manualWeld,manualWeld,THT,5,0,0.0,expand,-40℃~+85℃ 10V~30V 1A DIP-8 AC-DC Controllers and Regulators ROHS
2987919,smtWeld,smtWeld,SMT,5,0,0.0,expand,
2988103,manualWeld,manualWeld,THT,5,5,0.0,expand,
2988109,manualWeld,manualWeld,THT,5,5,0.0,expand,
2988644,manualWeld,manualWeld,THT,5,5,0.0,expand,
2988658,smtWeld,smtWeld,SMT,5,4,0.0,expand,
2990905,manualWeld,manualWeld,THT,2,0,0.0,expand,
2991177,smtWeld,smtWeld,SMT,2,0,0.0,expand,
2991826,manualWeld,manualWeld,THT,5,5,0.0,expand,
2991850,manualWeld,manualWeld,THT,5,5,0.0,expand,
2991854,smtWeld,smtWeld,SMT,20,10,0.0,expand,
2991859,manualWeld,manualWeld,THT,5,5,0.0,expand,
2991862,manualWeld,manualWeld,THT,5,5,0.0,expand,
2991863,smtWeld,smtWeld,SMT,20,10,0.0,expand,
2991865,manualWeld,manualWeld,THT,5,5,0.0,expand,
2991926,smtWeld,smtWeld,SMT,1,0,0.0,expand,
2992011,smtWeld,smtWeld,SMT,20,8,0.0,expand,
2992084,manualWeld,manualWeld,THT,5,5,0.0,expand,
2992508,smtWeld,smtWeld,SMT,20,6,0.0,expand,
2994635,smtWeld,smtWeld,SMT,5,2,0.0,expand,
2997297,manualWeld,manualWeld,THT,5,0,0.0,expand,
2997850,smtWeld,smtWeld,SMT,1,0,0.0,expand,
2999449,manualWeld,manualWeld,THT,2,0,0.0,expand,
3000388,smtWeld,smtWeld,SMT,2,0,0.0,expand,
3000627,smtWeld,smtWeld,SMT,5,5,0.0,expand,
3003080,smtWeld,smtWeld,SMT,1,0,0.0,expand,
3007688,manualWeld,manualWeld,THT,5,5,0.0,expand,
3007704,smtWeld,smtWeld,SMT,2,0,0.0,expand,
3008222,manualWeld,manualWeld,THT,5,5,0.0,expand,
3008223,manualWeld,manualWeld,THT,2,0,0.0,expand,
3008227,manualWeld,manualWeld,THT,2,0,0.0,expand,
3008228,manualWeld,manualWeld,THT,2,0,0.0,expand,
3008284,manualWeld,manualWeld,THT,2,0,0.0,expand,
3008296,manualWeld,manualWeld,THT,2,0,0.0,expand,
3008297,manualWeld,manualWeld,THT,2,0,0.0,expand,"-40℃~+125℃ 250V 4.7nF Y1 ±20% 插件,P=10mm Safety Capacitors ROHS"
3008299,manualWeld,manualWeld,THT,5,5,0.0,expand,"2.2nF 4kV 7.5mm Y5V ±20% 插件,P=7.5mm Multilayer Ceramic Capacitors MLCC - Leaded ROHS"
3008300,manualWeld,manualWeld,THT,2,2,0.0,expand,
3008301,manualWeld,manualWeld,THT,5,5,0.0,expand,
3008302,manualWeld,manualWeld,THT,5,5,0.0,expand,
3009015,smtWeld,smtWeld,SMT,20,8,0.0,expand,-55℃~+155℃ 200kΩ 50mW Thick Film Resistor ±1% ±200ppm/℃ 0201 Chip Resistor - Surface Mount ROHS
3009089,smtWeld,smtWeld,SMT,20,10,0.0,expand,
3009098,smtWeld,smtWeld,SMT,5,5,0.0,expand,
3009367,smtWeld,smtWeld,SMT,5,5,0.0,expand,
3009441,smtWeld,smtWeld,SMT,5,5,0.0,expand,
3009462,smtWeld,smtWeld,SMT,5,5,0.0,expand,
3009469,smtWeld,smtWeld,SMT,5,5,0.0,expand,
3009487,smtWeld,smtWeld,SMT,5,5,0.0,expand,
3009497,smtWeld,smtWeld,SMT,5,5,0.0,expand,
3011371,manualWeld,manualWeld,THT,5,0,0.0,expand,
3011412,smtWeld,smtWeld,SMT,5,4,0.0,expand,
3013471,smtWeld,smtWeld,SMT,5,5,0.0,expand,1206 Multilayer Ceramic Capacitors MLCC - SMD/SMT ROHS
3014161,manualWeld,manualWeld,THT,5,5,0.0,expand,
3017504,smtWeld,smtWeld,SMT,5,5,0.0,expand,-55℃~+155℃ 33kΩ 50V 62.5mW Thick Film Resistor ±200ppm/℃ ±5% 0402 Chip Resistor - Surface Mount ROHS
3017512,smtWeld,smtWeld,SMT,5,5,0.0,expand,
3017579,smtWeld,smtWeld,SMT,20,10,0.0,expand,-55℃~+155℃ 330Ω 50V 62.5mW Thick Film Resistor ±200ppm/℃ ±5% 0402 Chip Resistor - Surface Mount ROHS
3017613,smtWeld,smtWeld,SMT,20,10,0.0,expand,
3017614,smtWeld,smtWeld,SMT,20,10,0.0,expand,
3017686,smtWeld,smtWeld,SMT,20,6,0.0,expand,
3017703,smtWeld,smtWeld,SMT,5,5,0.0,expand,
3017860,smtWeld,smtWeld,SMT,20,6,0.0,expand,
3018183,smtWeld,smtWeld,SMT,5,5,0.0,expand,
3018268,smtWeld,smtWeld,SMT,5,2,0.0,expand,
3018309,smtWeld,smtWeld,SMT,5,2,0.0,expand,-55℃~+155℃ 200V 750mW 75kΩ Thick Film Resistor ±200ppm/℃ ±5% 2010 Chip Resistor - Surface Mount ROHS
3018338,smtWeld,smtWeld,SMT,5,2,0.0,expand,
3018401,smtWeld,smtWeld,SMT,5,5,0.0,expand,
3018403,smtWeld,smtWeld,SMT,5,2,0.0,expand,
3018411,smtWeld,smtWeld,SMT,5,2,0.0,expand,
3018414,smtWeld,smtWeld,SMT,5,5,0.0,expand,
3018420,smtWeld,smtWeld,SMT,5,2,0.0,expand,
3018649,manualWeld,manualWeld,THT,5,0,0.0,expand,
3019375,manualWeld,manualWeld,THT,5,0,0.0,expand,
5125145,manualWeld,manualWeld,THT,2,0,0.0,expand,
5126825,smtWeld,smtWeld,SMT,1,0,0.0,expand,
19077488,smtWeld,smtWeld,SMT,5,2,0.0,expand,
19077496,smtWeld,smtWeld,SMT,15,4,0.0,expand,
19077522,smtWeld,smtWeld,SMT,5,2,0.0,expand,
19077524,smtWeld,smtWeld,SMT,5,2,0.0,expand,
20615793,smtWeld,smtWeld,SMT,20,10,0.0,expand,-55℃~+125℃ 0.6pF 18V 2.5A@8/20us 20.5V 200nA 33V 80W@8/20us Bidirectional ESD IEC 61000-4-2、IEC 61000-4-5 DFN1006-2L ESD and Surge Protection (TVS/ESD) ROHS
2943373,manualWeld,manualWeld,THT,2,0,0.0,expand,
19077605,smtWeld,smtWeld,SMT,2,0,0.0,expand,
19077499,smtWeld,smtWeld,SMT,15,4,0.0,expand,
22399884,smtWeld,smtWeld,SMT,20,6,0.0,expand,
28646277,smtWeld,smtWeld,SMT,5,2,0.0,expand,
28646283,smtWeld,smtWeld,SMT,5,2,0.0,expand,
28646287,smtWeld,smtWeld,SMT,15,4,0.0,expand,
28646292,smtWeld,smtWeld,SMT,5,4,0.0,expand,
28646295,smtWeld,smtWeld,SMT,5,2,0.0,expand,
28646296,smtWeld,smtWeld,SMT,2,0,0.0,expand,
28646299,smtWeld,smtWeld,SMT,5,2,0.0,expand,
28646302,smtWeld,smtWeld,SMT,5,2,0.0,expand,
41375111,smtWeld,smtWeld,SMT,2,0,0.0,expand,1 PNP 1.5W 100MHz 100nA 1A 250 45V 500mV 5V PNP SOT-223 Bipolar (BJT) ROHS
41375112,smtWeld,smtWeld,SMT,2,0,0.0,expand,
41375126,smtWeld,smtWeld,SMT,10,4,0.0,expand,100MHz 100mA 100nA 2 NPN 200mW 45V 500mV 6V 800 NPN SOT-363 Bipolar (BJT) ROHS
41375139,smtWeld,smtWeld,SMT,5,2,0.0,expand,
41376087,smtWeld,smtWeld,SMT,15,4,0.0,expand,
41411783,smtWeld,smtWeld,SMT,15,4,0.0,expand,
2982909,manualWeld,manualWeld,THT,1,0,0.0,expand,-30℃~+100℃ TO-46 Temperature Sensors ROHS
41375113,smtWeld,smtWeld,SMT,5,4,0.0,expand,
41375115,smtWeld,smtWeld,SMT,10,4,0.0,expand,
41375117,smtWeld,smtWeld,SMT,5,4,0.0,expand,
41375127,smtWeld,smtWeld,SMT,5,2,0.0,expand,
41375128,smtWeld,smtWeld,SMT,5,4,0.0,expand,
41375129,smtWeld,smtWeld,SMT,10,4,0.0,expand,
41375130,smtWeld,smtWeld,SMT,10,4,0.0,expand,
41375133,smtWeld,smtWeld,SMT,10,4,0.0,expand,
41375134,smtWeld,smtWeld,SMT,5,2,0.0,expand,
41375135,smtWeld,smtWeld,SMT,5,2,0.0,expand,
41375136,smtWeld,smtWeld,SMT,5,2,0.0,expand,
41375138,smtWeld,smtWeld,SMT,5,2,0.0,expand,
41376086,smtWeld,smtWeld,SMT,15,4,0.0,expand,
41376088,smtWeld,smtWeld,SMT,15,4,0.0,expand,-55℃~+150℃ 1 100uA 12V 16.67A 200W@10/1000us 7V 8.6V IEC 61000-4-2 TVS Unidirectional SOD-123FL ESD and Surge Protection (TVS/ESD) ROHS
41376097,smtWeld,smtWeld,SMT,5,2,0.0,expand,-55℃~+150℃ 1 14V 17.2V 23.2V 25.86A 5uA 600W@10/1000us Bidirectional IEC 61000-4-2 TVS DO-214AA(SMB) ESD and Surge Protection (TVS/ESD) ROHS
41376098,smtWeld,smtWeld,SMT,5,2,0.0,expand,
41376099,smtWeld,smtWeld,SMT,5,2,0.0,expand,
41376100,smtWeld,smtWeld,SMT,5,2,0.0,expand,
41376101,smtWeld,smtWeld,SMT,5,2,0.0,expand,
41376102,smtWeld,smtWeld,SMT,5,2,0.0,expand,
41376398,smtWeld,smtWeld,SMT,5,2,0.0,expand,
41376399,smtWeld,smtWeld,SMT,5,2,0.0,expand,
41376400,smtWeld,smtWeld,SMT,5,2,0.0,expand,
41376401,smtWeld,smtWeld,SMT,5,2,0.0,expand,
41376402,smtWeld,smtWeld,SMT,5,2,0.0,expand,
41376403,smtWeld,smtWeld,SMT,5,4,0.0,expand,
41376404,smtWeld,smtWeld,SMT,5,2,0.0,expand,
41376405,smtWeld,smtWeld,SMT,5,4,0.0,expand,-55℃~+150℃ 1 15.4A 16V 19.7V 1uA 26V 400W IEC 61000-4-2 TVS Unidirectional DO-214AC(SMA) ESD and Surge Protection (TVS/ESD) ROHS
41376406,smtWeld,smtWeld,SMT,5,4,0.0,expand,
41376407,smtWeld,smtWeld,SMT,5,2,0.0,expand,-55℃~+150℃ 1 10V 12.3V 17V 23.5A 400W 5uA IEC 61000-4-2 TVS Unidirectional DO-214AC(SMA) ESD and Surge Protection (TVS/ESD) ROHS
41376408,smtWeld,smtWeld,SMT,5,2,0.0,expand,
41376409,smtWeld,smtWeld,SMT,5,2,0.0,expand,
41410781,smtWeld,smtWeld,SMT,5,2,0.0,expand,
41410795,smtWeld,smtWeld,SMT,15,4,0.0,expand,
41410801,smtWeld,smtWeld,SMT,20,6,0.0,expand,
41411743,smtWeld,smtWeld,SMT,5,2,0.0,expand,
41411747,smtWeld,smtWeld,SMT,2,0,0.0,expand,
41411748,smtWeld,smtWeld,SMT,2,0,0.0,expand,
41411770,smtWeld,smtWeld,SMT,5,2,0.0,expand,-55℃~+150℃ 100V 1A 30A 50uA@100V 850mV@1A Standalone SMAF Schottky Diodes ROHS
41411772,smtWeld,smtWeld,SMT,5,4,0.0,expand,
41411780,smtWeld,smtWeld,SMT,5,4,0.0,expand,
42379244,smtWeld,smtWeld,SMT,5,1,0.0,expand,
41376098,smtWeld,smtWeld,SMT,0,2,0.0,expand,
41375109,smtWeld,smtWeld,SMT,2,0,0.0,expand,
41375110,smtWeld,smtWeld,SMT,2,0,0.0,expand,
41375114,smtWeld,smtWeld,SMT,10,4,0.0,expand,
41375116,smtWeld,smtWeld,SMT,5,4,0.0,expand,
41375119,smtWeld,smtWeld,SMT,5,2,0.0,expand,
41375120,smtWeld,smtWeld,SMT,5,2,0.0,expand,
41375121,smtWeld,smtWeld,SMT,5,2,0.0,expand,
41375123,smtWeld,smtWeld,SMT,5,2,0.0,expand,1 NPN 1uA 320 3A 500mV 500mW 50MHz 6V 70V NPN SOT-89 Bipolar (BJT) ROHS
41375125,smtWeld,smtWeld,SMT,10,4,0.0,expand,
41375131,smtWeld,smtWeld,SMT,10,4,0.0,expand,
41375132,smtWeld,smtWeld,SMT,5,4,0.0,expand,
41375140,smtWeld,smtWeld,SMT,5,2,0.0,expand,
41376085,smtWeld,smtWeld,SMT,2,0,0.0,expand,
41410772,smtWeld,smtWeld,SMT,2,0,0.0,expand,
41410779,smtWeld,smtWeld,SMT,2,0,0.0,expand,
41410782,smtWeld,smtWeld,SMT,5,2,0.0,expand,
41410793,smtWeld,smtWeld,SMT,2,0,0.0,expand,
41411750,smtWeld,smtWeld,SMT,2,0,0.0,expand,
41411752,smtWeld,smtWeld,SMT,2,0,0.0,expand,
41411753,smtWeld,smtWeld,SMT,2,0,0.0,expand,
41411754,smtWeld,smtWeld,SMT,2,0,0.0,expand,
41411756,smtWeld,smtWeld,SMT,2,0,0.0,expand,
41411764,smtWeld,smtWeld,SMT,2,0,0.0,expand,
41411766,smtWeld,smtWeld,SMT,2,0,0.0,expand,-55℃~+150℃ 1 1.5kW@10/1000us 125A 12V 200uA 7V 8.6V Bidirectional IEC 61000-4-2 TVS SMC(DO-214AB) ESD and Surge Protection (TVS/ESD) ROHS
41375121,smtWeld,smtWeld,SMT,0,2,0.0,expand,
18199119,smtWeld,smtWeld,SMT,5,2,0.0,expand,
19077543,smtWeld,smtWeld,SMT,15,4,0.0,expand,
914343,smtWeld,smtWeld,SMT,5,4,0.0,expand,
7502700,smtWeld,smtWeld,SMT,20,6,0.0,expand,
42381015,smtWeld,smtWeld,SMT,5,1,0.0,expand,
2986058,smtWeld,smtWeld,SMT,20,8,0.0,expand,
2986059,smtWeld,smtWeld,SMT,20,10,0.0,expand,
183670,smtWeld,smtWeld,SMT,20,10,0.0,expand,
183671,smtWeld,smtWeld,SMT,20,10,0.0,expand,
183672,smtWeld,smtWeld,SMT,20,10,0.0,expand,
183673,smtWeld,smtWeld,SMT,20,10,0.0,expand,
183675,smtWeld,smtWeld,SMT,20,10,0.0,expand,
183685,smtWeld,smtWeld,SMT,20,10,0.0,expand,
183686,smtWeld,smtWeld,SMT,20,10,0.0,expand,
183688,smtWeld,smtWeld,SMT,20,10,0.0,expand,
183691,smtWeld,smtWeld,SMT,20,10,0.0,expand,
314210,smtWeld,smtWeld,SMT,20,10,0.0,expand,
314211,smtWeld,smtWeld,SMT,20,10,0.0,expand,
314217,smtWeld,smtWeld,SMT,20,10,0.0,expand,
484283,smtWeld,smtWeld,SMT,5,0,0.0,expand,
920997,manualWeld,manualWeld,THT,2,0,0.0,expand,
2764282,manualWeld,manualWeld,THT,1,0,0.0,expand,
2830491,manualWeld,manualWeld,THT,1,0,0.0,expand,
2890399,smtWeld,smtWeld,SMT,1,0,0.0,expand,
2917426,manualWeld,manualWeld,THT,1,0,0.0,expand,
2925879,manualWeld,manualWeld,THT,1,0,0.0,expand,
2925924,manualWeld,manualWeld,THT,1,0,0.0,expand,
2941415,smtWeld,smtWeld,SMT,20,10,0.0,expand,200mΩ 2nH 300mA 8.1GHz 8@100MHz Multilayer inductor 0402 Inductors (SMD) ROHS
2941496,manualWeld,manualWeld,THT,1,0,0.0,expand,
16654,smtWeld,smtWeld,SMT,5,5,0.0,expand,
18330,smtWeld,smtWeld,SMT,1,0,0.0,expand,
25057,smtWeld,smtWeld,SMT,5,5,0.0,expand,
33182,manualWeld,manualWeld,THT,1,0,0.0,expand,
39877,smtWeld,smtWeld,SMT,2,0,0.0,expand,
63429,manualWeld,manualWeld,THT,5,5,0.0,expand,
67495,smtWeld,smtWeld,SMT,5,5,0.0,expand,
73056,manualWeld,manualWeld,THT,5,0,0.0,expand,
73057,manualWeld,manualWeld,THT,5,0,0.0,expand,
82122,smtWeld,smtWeld,SMT,1,0,0.0,expand,-55℃~+125℃ 15A@8/20us 15V 16.7V 33V 500W 5uA 8 8pF IEC 61000-4-2、IEC 61000-4-5、IEC 61000-4-4 TVS SOIC-16 ESD and Surge Protection (TVS/ESD) ROHS
82165,manualWeld,manualWeld,THT,5,0,0.0,expand,
87453,smtWeld,smtWeld,SMT,20,8,0.0,expand,
92583,manualWeld,manualWeld,THT,5,5,0.0,expand,
93105,manualWeld,manualWeld,THT,5,0,0.0,expand,
99266,smtWeld,smtWeld,SMT,5,0,0.0,expand,
102681,smtWeld,smtWeld,SMT,5,5,0.0,expand,
113400,manualWeld,manualWeld,THT,1,0,0.0,expand,
114674,smtWeld,smtWeld,SMT,5,5,0.0,expand,
115544,smtWeld,smtWeld,SMT,5,5,0.0,expand,
115546,smtWeld,smtWeld,SMT,5,5,0.0,expand,
115552,smtWeld,smtWeld,SMT,5,5,0.0,expand,
115555,smtWeld,smtWeld,SMT,5,5,0.0,expand,
115568,smtWeld,smtWeld,SMT,5,5,0.0,expand,
115570,smtWeld,smtWeld,SMT,5,5,0.0,expand,
115580,smtWeld,smtWeld,SMT,5,5,0.0,expand,
115584,smtWeld,smtWeld,SMT,5,5,0.0,expand,
115595,smtWeld,smtWeld,SMT,5,5,0.0,expand,
115599,smtWeld,smtWeld,SMT,20,10,0.0,expand,
123436,smtWeld,smtWeld,SMT,5,5,0.0,expand,0201 Multilayer Ceramic Capacitors MLCC - SMD/SMT ROHS
123437,smtWeld,smtWeld,SMT,5,5,0.0,expand,
123438,smtWeld,smtWeld,SMT,5,5,0.0,expand,
124765,smtWeld,smtWeld,SMT,5,5,0.0,expand,1.3pF 50V C0G 0201 Multilayer Ceramic Capacitors MLCC - SMD/SMT ROHS
124766,smtWeld,smtWeld,SMT,5,5,0.0,expand,
124768,smtWeld,smtWeld,SMT,5,5,0.0,expand,
124776,smtWeld,smtWeld,SMT,5,5,0.0,expand,
124789,smtWeld,smtWeld,SMT,5,5,0.0,expand,
124790,smtWeld,smtWeld,SMT,5,5,0.0,expand,
124799,smtWeld,smtWeld,SMT,5,5,0.0,expand,
124800,smtWeld,smtWeld,SMT,5,5,0.0,expand,
124815,smtWeld,smtWeld,SMT,5,5,0.0,expand,
124816,smtWeld,smtWeld,SMT,5,5,0.0,expand,
126755,manualWeld,manualWeld,THT,1,0,0.0,expand,
135859,manualWeld,manualWeld,THT,1,0,0.0,expand,
135896,manualWeld,manualWeld,THT,1,0,0.0,expand,SIP DC-DC Power Modules ROHS
135897,manualWeld,manualWeld,THT,1,0,0.0,expand,
135920,manualWeld,manualWeld,THT,1,0,0.0,expand,
135937,manualWeld,manualWeld,THT,1,0,0.0,expand,
152756,smtWeld,smtWeld,SMT,5,5,0.0,expand,
152759,smtWeld,smtWeld,SMT,5,5,0.0,expand,
152763,smtWeld,smtWeld,SMT,5,5,0.0,expand,
152764,smtWeld,smtWeld,SMT,5,5,0.0,expand,
152766,smtWeld,smtWeld,SMT,5,5,0.0,expand,
152768,smtWeld,smtWeld,SMT,5,5,0.0,expand,
152769,smtWeld,smtWeld,SMT,5,5,0.0,expand,
152772,smtWeld,smtWeld,SMT,5,5,0.0,expand,
152773,smtWeld,smtWeld,SMT,5,5,0.0,expand,
152774,smtWeld,smtWeld,SMT,5,5,0.0,expand,
170200,smtWeld,smtWeld,SMT,5,5,0.0,expand,
170204,smtWeld,smtWeld,SMT,5,5,0.0,expand,
171937,smtWeld,smtWeld,SMT,5,5,0.0,expand,
171942,smtWeld,smtWeld,SMT,5,5,0.0,expand,
171946,smtWeld,smtWeld,SMT,5,5,0.0,expand,
171947,smtWeld,smtWeld,SMT,5,5,0.0,expand,
171949,smtWeld,smtWeld,SMT,5,5,0.0,expand,
171959,smtWeld,smtWeld,SMT,5,5,0.0,expand,
171962,smtWeld,smtWeld,SMT,5,5,0.0,expand,
172826,smtWeld,smtWeld,SMT,5,5,0.0,expand,
172834,smtWeld,smtWeld,SMT,5,5,0.0,expand,
172847,smtWeld,smtWeld,SMT,5,5,0.0,expand,
172856,smtWeld,smtWeld,SMT,5,5,0.0,expand,
180268,smtWeld,smtWeld,SMT,5,5,0.0,expand,
180290,smtWeld,smtWeld,SMT,5,5,0.0,expand,
183667,smtWeld,smtWeld,SMT,5,5,0.0,expand,
183668,smtWeld,smtWeld,SMT,5,5,0.0,expand,
183669,smtWeld,smtWeld,SMT,5,5,0.0,expand,
183676,smtWeld,smtWeld,SMT,5,5,0.0,expand,22pF 50V C0G 0201 Multilayer Ceramic Capacitors MLCC - SMD/SMT ROHS
183687,smtWeld,smtWeld,SMT,5,5,0.0,expand,
183690,smtWeld,smtWeld,SMT,5,5,0.0,expand,
183693,smtWeld,smtWeld,SMT,5,5,0.0,expand,
183695,smtWeld,smtWeld,SMT,5,5,0.0,expand,16V 3.3nF X7R ±10% 0201 Multilayer Ceramic Capacitors MLCC - SMD/SMT ROHS
183705,smtWeld,smtWeld,SMT,5,5,0.0,expand,
183710,smtWeld,smtWeld,SMT,5,5,0.0,expand,10V 47nF X5R ±10% 0201 Multilayer Ceramic Capacitors MLCC - SMD/SMT ROHS
202859,smtWeld,smtWeld,SMT,1,0,0.0,expand,
217648,manualWeld,manualWeld,THT,1,0,0.0,expand,
241461,manualWeld,manualWeld,THT,1,0,0.0,expand,
246415,smtWeld,smtWeld,SMT,5,5,0.0,expand,
246856,smtWeld,smtWeld,SMT,5,5,0.0,expand,
246999,smtWeld,smtWeld,SMT,5,5,0.0,expand,-55℃~+155℃ 11.3kΩ 25V 50mW Thick Film Resistor ±1% ±200ppm/℃ 0201 Chip Resistor - Surface Mount ROHS
255745,smtWeld,smtWeld,SMT,1,0,0.0,expand,
267243,manualWeld,manualWeld,THT,5,5,0.0,expand,
268088,smtWeld,smtWeld,SMT,5,5,0.0,expand,
268090,smtWeld,smtWeld,SMT,5,5,0.0,expand,
304671,smtWeld,smtWeld,SMT,5,5,0.0,expand,
305284,smtWeld,smtWeld,SMT,5,5,0.0,expand,300Ω 50mW 0201 Chip Resistor - Surface Mount ROHS
306951,smtWeld,smtWeld,SMT,5,5,0.0,expand,
314209,smtWeld,smtWeld,SMT,20,10,0.0,expand,
314212,smtWeld,smtWeld,SMT,5,5,0.0,expand,
318559,smtWeld,smtWeld,SMT,5,5,0.0,expand,
318561,smtWeld,smtWeld,SMT,5,5,0.0,expand,25V 47pF C0G ±5% 0201 Multilayer Ceramic Capacitors MLCC - SMD/SMT ROHS
319947,smtWeld,smtWeld,SMT,5,5,0.0,expand,-55℃~+155℃ 100Ω 15V 31.25mW Thin Film Resistor ±0.5% ±50ppm/℃ 0201 Chip Resistor - Surface Mount ROHS
320709,smtWeld,smtWeld,SMT,20,10,0.0,expand,
320889,smtWeld,smtWeld,SMT,5,5,0.0,expand,
320960,smtWeld,smtWeld,SMT,20,10,0.0,expand,
326496,manualWeld,manualWeld,THT,1,0,0.0,expand,
326668,smtWeld,smtWeld,SMT,5,5,0.0,expand,
334627,smtWeld,smtWeld,SMT,5,5,0.0,expand,
334630,smtWeld,smtWeld,SMT,5,5,0.0,expand,
334633,smtWeld,smtWeld,SMT,5,5,0.0,expand,
334634,smtWeld,smtWeld,SMT,5,5,0.0,expand,
350642,smtWeld,smtWeld,SMT,1,0,0.0,expand,QFN-28 Microcontrollers (MCU/MPU/SOC) ROHS
352837,manualWeld,manualWeld,THT,5,0,0.0,expand,
357824,manualWeld,manualWeld,THT,1,0,0.0,expand,
357771,manualWeld,manualWeld,THT,5,0,0.0,expand,
367411,smtWeld,smtWeld,SMT,5,5,0.0,expand,
367413,smtWeld,smtWeld,SMT,5,5,0.0,expand,
367414,smtWeld,smtWeld,SMT,5,5,0.0,expand,
367477,smtWeld,smtWeld,SMT,5,5,0.0,expand,
367591,smtWeld,smtWeld,SMT,5,5,0.0,expand,
367609,smtWeld,smtWeld,SMT,5,5,0.0,expand,3.3Ω 50mW 0201 Chip Resistor - Surface Mount ROHS
370459,smtWeld,smtWeld,SMT,5,4,0.0,expand,
377531,smtWeld,smtWeld,SMT,5,5,0.0,expand,
377532,smtWeld,smtWeld,SMT,5,5,0.0,expand,
384404,smtWeld,smtWeld,SMT,5,5,0.0,expand,
384406,smtWeld,smtWeld,SMT,5,5,0.0,expand,
384408,smtWeld,smtWeld,SMT,5,5,0.0,expand,
384424,smtWeld,smtWeld,SMT,5,5,0.0,expand,
384427,smtWeld,smtWeld,SMT,5,5,0.0,expand,
384429,smtWeld,smtWeld,SMT,5,5,0.0,expand,
384437,smtWeld,smtWeld,SMT,5,5,0.0,expand,
395472,manualWeld,manualWeld,THT,1,0,0.0,expand,
395485,manualWeld,manualWeld,THT,1,0,0.0,expand,
395500,smtWeld,smtWeld,SMT,1,0,0.0,expand,
395507,smtWeld,smtWeld,SMT,1,0,0.0,expand,
395508,manualWeld,manualWeld,THT,1,0,0.0,expand,"100,000 Cycles 16Mbit 2.1V~3.6V 20 Years 4uA 80MHz SPI USON-8-EP(2x3) NOR FLASH ROHS"
395522,manualWeld,manualWeld,THT,1,0,0.0,expand,
395535,manualWeld,manualWeld,THT,1,0,0.0,expand,
395541,manualWeld,manualWeld,THT,1,0,0.0,expand,
400274,manualWeld,manualWeld,THT,5,0,0.0,expand,
405280,manualWeld,manualWeld,THT,5,5,0.0,expand,
423355,smtWeld,smtWeld,SMT,5,5,0.0,expand,
423417,smtWeld,smtWeld,SMT,5,5,0.0,expand,
423444,smtWeld,smtWeld,SMT,5,5,0.0,expand,
423678,smtWeld,smtWeld,SMT,5,5,0.0,expand,
423725,smtWeld,smtWeld,SMT,5,5,0.0,expand,
423745,smtWeld,smtWeld,SMT,5,5,0.0,expand,-55℃~+155℃ 137Ω 25V 50mW Thick Film Resistor ±1% 0201 Chip Resistor - Surface Mount ROHS
423767,smtWeld,smtWeld,SMT,5,5,0.0,expand,
428676,manualWeld,manualWeld,THT,5,5,0.0,expand,
432378,manualWeld,manualWeld,THT,5,5,0.0,expand,
432603,manualWeld,manualWeld,THT,2,1,0.0,expand,
459178,smtWeld,smtWeld,SMT,1,0,0.0,expand,
459956,manualWeld,manualWeld,THT,1,0,0.0,expand,-55℃~+175℃ 1 N-channel 160A 270nC@10V 300W 4.5mΩ@10V 4V 510pF 7.5nF 75V D2PAK MOSFETs ROHS
461569,smtWeld,smtWeld,SMT,1,0,0.0,expand,
466990,manualWeld,manualWeld,THT,1,0,0.0,expand,
473202,manualWeld,manualWeld,THT,5,5,0.0,expand,
474067,smtWeld,smtWeld,SMT,5,5,0.0,expand,
474079,smtWeld,smtWeld,SMT,5,5,0.0,expand,
474107,smtWeld,smtWeld,SMT,5,5,0.0,expand,
474111,smtWeld,smtWeld,SMT,5,5,0.0,expand,
474114,smtWeld,smtWeld,SMT,5,5,0.0,expand,
474115,smtWeld,smtWeld,SMT,5,5,0.0,expand,
474122,smtWeld,smtWeld,SMT,5,5,0.0,expand,
474124,smtWeld,smtWeld,SMT,5,5,0.0,expand,
474196,smtWeld,smtWeld,SMT,5,5,0.0,expand,
474230,smtWeld,smtWeld,SMT,5,5,0.0,expand,-55℃~+155℃ 25V 50mW 715Ω Thick Film Resistor ±1% 0201 Chip Resistor - Surface Mount ROHS
476133,manualWeld,manualWeld,THT,1,0,0.0,expand,
478454,manualWeld,manualWeld,THT,5,0,0.0,expand,SOP-8 NOR FLASH ROHS
479282,manualWeld,manualWeld,THT,5,5,0.0,expand,插件 Through Hole Resistors ROHS
479316,manualWeld,manualWeld,THT,5,5,0.0,expand,
501022,manualWeld,manualWeld,THT,5,5,0.0,expand,
503592,manualWeld,manualWeld,THT,1,0,0.0,expand,
503676,smtWeld,smtWeld,SMT,5,2,0.0,expand,
507172,manualWeld,manualWeld,THT,5,5,0.0,expand,
513253,manualWeld,manualWeld,THT,1,0,0.0,expand,
513259,manualWeld,manualWeld,THT,1,0,0.0,expand,
513262,smtWeld,smtWeld,SMT,5,0,0.0,expand,
513413,smtWeld,smtWeld,SMT,5,5,0.0,expand,22pF 50V C0G 0201 Multilayer Ceramic Capacitors MLCC - SMD/SMT ROHS
513414,smtWeld,smtWeld,SMT,5,5,0.0,expand,
513425,smtWeld,smtWeld,SMT,5,5,0.0,expand,
513429,smtWeld,smtWeld,SMT,20,10,0.0,expand,
521265,manualWeld,manualWeld,THT,5,5,0.0,expand,
522841,manualWeld,manualWeld,THT,5,0,0.0,expand,
525058,smtWeld,smtWeld,SMT,5,5,0.0,expand,
529223,manualWeld,manualWeld,THT,5,5,0.0,expand,
529242,manualWeld,manualWeld,THT,1,0,0.0,expand,
529246,manualWeld,manualWeld,THT,2,0,0.0,expand,
529255,manualWeld,manualWeld,THT,5,5,0.0,expand,
533893,smtWeld,smtWeld,SMT,5,0,0.0,expand,
544507,manualWeld,manualWeld,THT,1,0,0.0,expand,
596727,manualWeld,manualWeld,THT,1,0,0.0,expand,
596728,manualWeld,manualWeld,THT,1,0,0.0,expand,
596737,manualWeld,manualWeld,THT,1,0,0.0,expand,
596741,manualWeld,manualWeld,THT,1,0,0.0,expand,
596743,manualWeld,manualWeld,THT,1,0,0.0,expand,
596812,manualWeld,manualWeld,THT,1,0,0.0,expand,
596813,manualWeld,manualWeld,THT,1,0,0.0,expand,
598106,smtWeld,smtWeld,SMT,1,0,0.0,expand,
598619,manualWeld,manualWeld,THT,5,0,0.0,expand,
601742,manualWeld,manualWeld,THT,5,5,0.0,expand,
604250,manualWeld,manualWeld,THT,1,0,0.0,expand,-40℃~+85℃ 4.8umx4.8um CMOS Image Sensor LCC-48(14.2x14.2) Image Sensors ROHS
604870,manualWeld,manualWeld,THT,1,0,0.0,expand,
607947,manualWeld,manualWeld,THT,5,5,0.0,expand,
609920,smtWeld,smtWeld,SMT,5,5,0.0,expand,
609935,smtWeld,smtWeld,SMT,5,5,0.0,expand,
609936,smtWeld,smtWeld,SMT,5,5,0.0,expand,
609937,smtWeld,smtWeld,SMT,5,5,0.0,expand,
609940,smtWeld,smtWeld,SMT,5,5,0.0,expand,
609995,smtWeld,smtWeld,SMT,5,5,0.0,expand,
609997,smtWeld,smtWeld,SMT,5,5,0.0,expand,
648819,manualWeld,manualWeld,THT,5,5,0.0,expand,
648822,manualWeld,manualWeld,THT,5,5,0.0,expand,
648873,manualWeld,manualWeld,THT,5,5,0.0,expand,
648874,manualWeld,manualWeld,THT,5,5,0.0,expand,
648885,manualWeld,manualWeld,THT,5,5,0.0,expand,
648891,smtWeld,smtWeld,SMT,5,2,0.0,expand,
648894,manualWeld,manualWeld,THT,5,5,0.0,expand,
655086,manualWeld,manualWeld,THT,5,5,0.0,expand,
668112,manualWeld,manualWeld,THT,5,5,0.0,expand,
669064,smtWeld,smtWeld,SMT,1,0,0.0,expand,
669496,manualWeld,manualWeld,THT,1,0,0.0,expand,
690730,manualWeld,manualWeld,THT,1,0,0.0,expand,
691873,smtWeld,smtWeld,SMT,5,1,0.0,expand,
691803,manualWeld,manualWeld,THT,5,5,0.0,expand,
691804,manualWeld,manualWeld,THT,5,5,0.0,expand,
691807,manualWeld,manualWeld,THT,5,5,0.0,expand,
692684,smtWeld,smtWeld,SMT,1,0,0.0,expand,
694727,manualWeld,manualWeld,THT,1,0,0.0,expand,
695266,smtWeld,smtWeld,SMT,5,1,0.0,expand,
696151,smtWeld,smtWeld,SMT,0,0,0.0,expand,
697484,manualWeld,manualWeld,THT,5,5,0.0,expand,
698338,manualWeld,manualWeld,THT,1,0,0.0,expand,
698229,manualWeld,manualWeld,THT,5,5,0.0,expand,
702710,manualWeld,manualWeld,THT,5,5,0.0,expand,
709042,manualWeld,manualWeld,THT,1,0,0.0,expand,
711196,manualWeld,manualWeld,THT,5,0,0.0,expand,- Pre-ordered RLCs ROHS
712022,manualWeld,manualWeld,THT,5,5,0.0,expand,
712273,manualWeld,manualWeld,THT,1,0,0.0,expand,
712752,manualWeld,manualWeld,THT,5,0,0.0,expand,
715952,manualWeld,manualWeld,THT,1,0,0.0,expand,- Pre-ordered Connectors ROHS
715953,manualWeld,manualWeld,THT,1,0,0.0,expand,
715960,manualWeld,manualWeld,THT,1,0,0.0,expand,
715968,manualWeld,manualWeld,THT,1,0,0.0,expand,
718685,manualWeld,manualWeld,THT,5,5,0.0,expand,
718426,manualWeld,manualWeld,THT,1,0,0.0,expand,- No specification for star making plan ROHS
719497,manualWeld,manualWeld,THT,1,0,0.0,expand,
719498,manualWeld,manualWeld,THT,1,0,0.0,expand,
720657,smtWeld,smtWeld,SMT,5,0,0.0,expand,
721212,manualWeld,manualWeld,THT,5,5,0.0,expand,
721233,manualWeld,manualWeld,THT,2,0,0.0,expand,
721327,manualWeld,manualWeld,THT,5,5,0.0,expand,"插件,8x12mm Aluminum Electrolytic Capacitors - Leaded ROHS"
722174,smtWeld,smtWeld,SMT,1,0,0.0,expand,
725245,manualWeld,manualWeld,THT,5,0,0.0,expand,
754159,manualWeld,manualWeld,THT,5,5,0.0,expand,"180pF@1kHz 3.5kA 350V 460V 504V~616V 925V 92J 插件,P=7.5mm Varistors ROHS"
775400,manualWeld,manualWeld,THT,5,0,0.0,expand,
778380,smtWeld,smtWeld,SMT,5,5,0.0,expand,
783602,manualWeld,manualWeld,THT,1,0,0.0,expand,
817910,manualWeld,manualWeld,THT,1,0,0.0,expand,
831073,manualWeld,manualWeld,THT,1,0,0.0,expand,
845390,manualWeld,manualWeld,THT,5,0,0.0,expand,
879365,smtWeld,smtWeld,SMT,1,0,0.0,expand,
911421,manualWeld,manualWeld,THT,1,0,0.0,expand,
913126,manualWeld,manualWeld,THT,5,0,0.0,expand,
913130,manualWeld,manualWeld,THT,5,0,0.0,expand,
914336,manualWeld,manualWeld,THT,1,0,0.0,expand,TO-220AB-3 MOSFETs ROHS
914337,manualWeld,manualWeld,THT,5,0,0.0,expand,
914338,manualWeld,manualWeld,THT,5,0,0.0,expand,
914339,manualWeld,manualWeld,THT,5,5,0.0,expand,
914342,manualWeld,manualWeld,THT,5,5,0.0,expand,-55℃~+150℃@(Tj) 1.5V 125MHz 20000 225mW 300mA 30V NPN SOT-23 Darlington Transistors ROHS
914348,manualWeld,manualWeld,THT,5,5,0.0,expand,
914366,smtWeld,smtWeld,SMT,5,4,0.0,expand,
914367,smtWeld,smtWeld,SMT,5,4,0.0,expand,
914369,manualWeld,manualWeld,THT,5,5,0.0,expand,
914375,smtWeld,smtWeld,SMT,5,2,0.0,expand,
914386,manualWeld,manualWeld,THT,5,0,0.0,expand,
914388,manualWeld,manualWeld,THT,5,0,0.0,expand,
914390,manualWeld,manualWeld,THT,5,0,0.0,expand,
914401,manualWeld,manualWeld,THT,5,0,0.0,expand,
914402,manualWeld,manualWeld,THT,5,0,0.0,expand,
914408,manualWeld,manualWeld,THT,5,5,0.0,expand,
914409,manualWeld,manualWeld,THT,5,0,0.0,expand,
914421,manualWeld,manualWeld,THT,5,5,0.0,expand,
914436,manualWeld,manualWeld,THT,5,5,0.0,expand,
914443,manualWeld,manualWeld,THT,5,0,0.0,expand,
917694,manualWeld,manualWeld,THT,1,0,0.0,expand,插件 Isolated Power Modules ROHS
917695,manualWeld,manualWeld,THT,1,0,0.0,expand,
917696,manualWeld,manualWeld,THT,1,0,0.0,expand,
917697,manualWeld,manualWeld,THT,1,0,0.0,expand,
917698,manualWeld,manualWeld,THT,1,0,0.0,expand,
917705,manualWeld,manualWeld,THT,1,0,0.0,expand,
917917,manualWeld,manualWeld,THT,1,0,0.0,expand,
917918,manualWeld,manualWeld,THT,1,0,0.0,expand,
917920,manualWeld,manualWeld,THT,1,0,0.0,expand,
917921,manualWeld,manualWeld,THT,1,0,0.0,expand,
917922,manualWeld,manualWeld,THT,1,0,0.0,expand,
917923,manualWeld,manualWeld,THT,1,0,0.0,expand,
917924,manualWeld,manualWeld,THT,1,0,0.0,expand,
917925,manualWeld,manualWeld,THT,1,0,0.0,expand,
917926,manualWeld,manualWeld,THT,1,0,0.0,expand,
920804,manualWeld,manualWeld,THT,5,5,0.0,expand,
920811,manualWeld,manualWeld,THT,5,0,0.0,expand,
920866,manualWeld,manualWeld,THT,5,0,0.0,expand,"-25℃~+85℃ 1 1x4P 2.54mm 3A 4 4P Right Angle 弯插,P=2.54mm Wire To Board Connector ROHS"
920883,manualWeld,manualWeld,THT,5,0,0.0,expand,
920886,manualWeld,manualWeld,THT,5,0,0.0,expand,
920887,manualWeld,manualWeld,THT,5,0,0.0,expand,
920888,manualWeld,manualWeld,THT,5,0,0.0,expand,"-25℃~+85℃ 2 2x3P 3 4.2mm 4.2mm 6P 9A Right Angle 弯插,P=4.2mm Wire To Board Connector ROHS"
920958,smtWeld,smtWeld,SMT,5,0,0.0,expand,
920959,manualWeld,manualWeld,THT,5,0,0.0,expand,
961593,manualWeld,manualWeld,THT,1,0,0.0,expand,
961594,manualWeld,manualWeld,THT,1,0,0.0,expand,
961595,manualWeld,manualWeld,THT,1,0,0.0,expand,
963577,manualWeld,manualWeld,THT,5,0,0.0,expand,
963578,manualWeld,manualWeld,THT,5,5,0.0,expand,
964606,manualWeld,manualWeld,THT,5,5,0.0,expand,
968077,manualWeld,manualWeld,THT,5,5,0.0,expand,
968113,manualWeld,manualWeld,THT,5,5,0.0,expand,
968118,manualWeld,manualWeld,THT,5,5,0.0,expand,
968119,manualWeld,manualWeld,THT,5,5,0.0,expand,
968122,manualWeld,manualWeld,THT,5,5,0.0,expand,SOD-123 Zener Diodes ROHS
968125,manualWeld,manualWeld,THT,5,5,0.0,expand,
968131,manualWeld,manualWeld,THT,5,5,0.0,expand,
969104,manualWeld,manualWeld,THT,5,5,0.0,expand,
969111,manualWeld,manualWeld,THT,5,5,0.0,expand,
970508,manualWeld,manualWeld,THT,5,0,0.0,expand,
970564,manualWeld,manualWeld,THT,5,5,0.0,expand,
970831,manualWeld,manualWeld,THT,5,5,0.0,expand,
1521879,manualWeld,manualWeld,THT,1,0,0.0,expand,
1521880,manualWeld,manualWeld,THT,1,0,0.0,expand,
1521898,smtWeld,smtWeld,SMT,1,0,0.0,expand,
1521905,manualWeld,manualWeld,THT,1,0,0.0,expand,
1521914,manualWeld,manualWeld,THT,1,0,0.0,expand,
1521929,manualWeld,manualWeld,THT,1,0,0.0,expand,
1521941,manualWeld,manualWeld,THT,1,0,0.0,expand,
1521963,manualWeld,manualWeld,THT,1,0,0.0,expand,
1521965,manualWeld,manualWeld,THT,1,0,0.0,expand,
1521969,manualWeld,manualWeld,THT,1,0,0.0,expand,
1522002,manualWeld,manualWeld,THT,1,0,0.0,expand,
1550651,manualWeld,manualWeld,THT,1,0,0.0,expand,
1550661,manualWeld,manualWeld,THT,1,0,0.0,expand,
1550714,smtWeld,smtWeld,SMT,1,0,0.0,expand,UBGA-256(14x14) CPLD/FPGA ROHS
1550805,manualWeld,manualWeld,THT,1,0,0.0,expand,
1550893,smtWeld,smtWeld,SMT,1,0,0.0,expand,
1550981,manualWeld,manualWeld,THT,1,0,0.0,expand,
1593791,manualWeld,manualWeld,THT,5,5,0.0,expand,
1620010,smtWeld,smtWeld,SMT,1,0,0.0,expand,"10V 10nF X7R ±20% SMD,0.4x0.4mm Multilayer Ceramic Capacitors MLCC - SMD/SMT ROHS"
1621752,smtWeld,smtWeld,SMT,1,0,0.0,expand,
1621762,smtWeld,smtWeld,SMT,1,0,0.0,expand,
1621764,smtWeld,smtWeld,SMT,1,0,0.0,expand,
1623664,smtWeld,smtWeld,SMT,1,0,0.0,expand,
1623671,smtWeld,smtWeld,SMT,1,0,0.0,expand,
1623672,smtWeld,smtWeld,SMT,1,0,0.0,expand,
1623677,smtWeld,smtWeld,SMT,1,0,0.0,expand,
1623678,smtWeld,smtWeld,SMT,1,0,0.0,expand,
1623679,smtWeld,smtWeld,SMT,1,0,0.0,expand,
1623692,smtWeld,smtWeld,SMT,1,0,0.0,expand,
1623693,smtWeld,smtWeld,SMT,1,0,0.0,expand,
1623694,smtWeld,smtWeld,SMT,1,0,0.0,expand,
1623719,smtWeld,smtWeld,SMT,1,0,0.0,expand,
1623724,smtWeld,smtWeld,SMT,1,0,0.0,expand,16V 200pF X7R ±5% 0201 Multilayer Ceramic Capacitors MLCC - SMD/SMT ROHS
1623726,smtWeld,smtWeld,SMT,1,0,0.0,expand,
1623758,smtWeld,smtWeld,SMT,20,10,0.0,expand,
1623759,smtWeld,smtWeld,SMT,1,0,0.0,expand,10V 68nF X5R ±20% 0201 Multilayer Ceramic Capacitors MLCC - SMD/SMT ROHS
1623760,smtWeld,smtWeld,SMT,1,0,0.0,expand,
1623761,smtWeld,smtWeld,SMT,1,0,0.0,expand,
1623769,smtWeld,smtWeld,SMT,1,0,0.0,expand,
1623771,smtWeld,smtWeld,SMT,1,0,0.0,expand,
1623777,smtWeld,smtWeld,SMT,1,0,0.0,expand,
1623778,smtWeld,smtWeld,SMT,1,0,0.0,expand,
1623779,smtWeld,smtWeld,SMT,1,0,0.0,expand,
1623780,smtWeld,smtWeld,SMT,1,0,0.0,expand,
1623781,smtWeld,smtWeld,SMT,1,0,0.0,expand,
1623782,smtWeld,smtWeld,SMT,1,0,0.0,expand,
1623783,smtWeld,smtWeld,SMT,1,0,0.0,expand,10V 68nF X5R ±20% 0201 Multilayer Ceramic Capacitors MLCC - SMD/SMT ROHS
1623834,smtWeld,smtWeld,SMT,20,10,0.0,expand,
1854033,manualWeld,manualWeld,THT,5,5,0.0,expand,-40℃~+125℃@(Ta) 1 12.7V~20V 2.6A 2.6A 5ns 5ns IGBT、MOSFET Low Side SOT-23-6 Gate Drivers ROHS
1974065,manualWeld,manualWeld,THT,1,0,0.0,expand,
1976329,manualWeld,manualWeld,THT,1,0,0.0,expand,
2061063,manualWeld,manualWeld,THT,1,0,0.0,expand,
2063141,manualWeld,manualWeld,THT,1,0,0.0,expand,
2064692,smtWeld,smtWeld,SMT,1,0,0.0,expand,
2069809,manualWeld,manualWeld,THT,1,0,0.0,expand,
2069823,smtWeld,smtWeld,SMT,1,0,0.0,expand,
2151389,manualWeld,manualWeld,THT,5,5,0.0,expand,
2151411,manualWeld,manualWeld,THT,5,0,0.0,expand,ATSLP-12-3 RF Amplifiers ROHS
2151894,manualWeld,manualWeld,THT,5,5,0.0,expand,
2440242,manualWeld,manualWeld,THT,5,5,0.0,expand,
2653773,manualWeld,manualWeld,THT,1,0,0.0,expand,
2653819,manualWeld,manualWeld,THT,5,0,0.0,expand,
2654747,smtWeld,smtWeld,SMT,2,0,0.0,expand,
2654748,manualWeld,manualWeld,THT,5,0,0.0,expand,PG-ATSLP-9-3 RF Switches ROHS
2654749,manualWeld,manualWeld,THT,5,0,0.0,expand,
2657972,manualWeld,manualWeld,THT,1,0,0.0,expand,
2658468,manualWeld,manualWeld,THT,1,0,0.0,expand,
2658610,manualWeld,manualWeld,THT,1,0,0.0,expand,-40℃~+85℃@(TA) 2 300kHz 5.6V~24V 93% Step-down Step-down type Yes QSOP-24 DC-DC Controllers ROHS
2658630,smtWeld,smtWeld,SMT,1,0,0.0,expand,-40℃~+105℃@(TA) 1 2MHz 99% 9V~16V Buck-Boost Full-Bridge No QSOP-16-150mil DC-DC Controllers ROHS
2658714,smtWeld,smtWeld,SMT,1,0,0.0,expand,
2663035,manualWeld,manualWeld,THT,1,0,0.0,expand,
2675378,manualWeld,manualWeld,THT,1,0,0.0,expand,
2676174,manualWeld,manualWeld,THT,1,0,0.0,expand,
2682768,manualWeld,manualWeld,THT,5,0,0.0,expand,
2683258,manualWeld,manualWeld,THT,2,0,0.0,expand,
2691775,smtWeld,smtWeld,SMT,5,5,0.0,expand,
2691794,smtWeld,smtWeld,SMT,5,5,0.0,expand,
2692125,smtWeld,smtWeld,SMT,5,5,0.0,expand,
2758093,manualWeld,manualWeld,THT,1,0,0.0,expand,
2758096,manualWeld,manualWeld,THT,1,0,0.0,expand,
2758097,manualWeld,manualWeld,THT,1,0,0.0,expand,
2758100,manualWeld,manualWeld,THT,1,0,0.0,expand,
2759998,manualWeld,manualWeld,THT,5,5,0.0,expand,
2760006,manualWeld,manualWeld,THT,5,5,0.0,expand,
2761045,manualWeld,manualWeld,THT,1,0,0.0,expand,插件 DC-DC Power Modules ROHS
2761800,manualWeld,manualWeld,THT,2,0,0.0,expand,
2762186,manualWeld,manualWeld,THT,5,5,0.0,expand,
2762632,manualWeld,manualWeld,THT,1,0,0.0,expand,
2762635,manualWeld,manualWeld,THT,1,0,0.0,expand,
2762636,manualWeld,manualWeld,THT,1,0,0.0,expand,
2762638,manualWeld,manualWeld,THT,1,0,0.0,expand,"DIP-14P,32.3x16.3mm DC-DC Power Modules ROHS"
2762640,manualWeld,manualWeld,THT,1,0,0.0,expand,
2762641,manualWeld,manualWeld,THT,1,0,0.0,expand,
2762643,manualWeld,manualWeld,THT,1,0,0.0,expand,"DIP-14P,32.3x16.3mm DC-DC Power Modules ROHS"
2762649,manualWeld,manualWeld,THT,1,0,0.0,expand,
2762650,manualWeld,manualWeld,THT,1,0,0.0,expand,
2762658,manualWeld,manualWeld,THT,1,0,0.0,expand,
2762660,manualWeld,manualWeld,THT,1,0,0.0,expand,
2762711,manualWeld,manualWeld,THT,1,0,0.0,expand,
2762712,manualWeld,manualWeld,THT,1,0,0.0,expand,
2762714,manualWeld,manualWeld,THT,1,0,0.0,expand,
2762716,manualWeld,manualWeld,THT,1,0,0.0,expand,
2762717,manualWeld,manualWeld,THT,1,0,0.0,expand,
2762719,manualWeld,manualWeld,THT,1,0,0.0,expand,
2762725,manualWeld,manualWeld,THT,1,0,0.0,expand,"插件-6P,50.8x25.4mm DC-DC Power Modules ROHS"
2762726,manualWeld,manualWeld,THT,1,0,0.0,expand,
2762729,manualWeld,manualWeld,THT,1,0,0.0,expand,
2762734,manualWeld,manualWeld,THT,1,0,0.0,expand,"插件-6P,51.5x42.6mm DC-DC Power Modules ROHS"
2762736,manualWeld,manualWeld,THT,1,0,0.0,expand,
2762739,manualWeld,manualWeld,THT,1,0,0.0,expand,
2762741,manualWeld,manualWeld,THT,1,0,0.0,expand,
2762743,manualWeld,manualWeld,THT,1,0,0.0,expand,"插件-6P,50.8x30.5mm DC-DC Power Modules ROHS"
2762744,manualWeld,manualWeld,THT,1,0,0.0,expand,"插件-6P,50.8x30.5mm DC-DC Power Modules ROHS"
2762746,manualWeld,manualWeld,THT,1,0,0.0,expand,
2762748,manualWeld,manualWeld,THT,1,0,0.0,expand,
2762751,manualWeld,manualWeld,THT,1,0,0.0,expand,
2762753,manualWeld,manualWeld,THT,1,0,0.0,expand,
2762761,manualWeld,manualWeld,THT,1,0,0.0,expand,
2762762,manualWeld,manualWeld,THT,1,0,0.0,expand,
2762768,manualWeld,manualWeld,THT,1,0,0.0,expand,
2762770,manualWeld,manualWeld,THT,1,0,0.0,expand,
2762771,manualWeld,manualWeld,THT,1,0,0.0,expand,
2762773,manualWeld,manualWeld,THT,1,0,0.0,expand,"插件-6P,51.5x42.6mm DC-DC Power Modules ROHS"
2762775,manualWeld,manualWeld,THT,1,0,0.0,expand,"插件-6P,50.8x30.5mm DC-DC Power Modules ROHS"
2762921,manualWeld,manualWeld,THT,5,5,0.0,expand,-40℃~+85℃ 120° 150mA 3.6V 365nm~375nm 500mW SMD2835 Ultraviolet LEDs (UVLED) ROHS
2762922,manualWeld,manualWeld,THT,5,5,0.0,expand,
2763723,smtWeld,smtWeld,SMT,5,5,0.0,expand,
2766050,manualWeld,manualWeld,THT,5,5,0.0,expand,
2798361,manualWeld,manualWeld,THT,5,5,0.0,expand,
2803478,manualWeld,manualWeld,THT,5,5,0.0,expand,
2826411,manualWeld,manualWeld,THT,1,0,0.0,expand,-55℃~+200℃ 1.2kV 1.7nF 100mΩ 105nC 130pF 25pF 270W 3.5V 45A TO-247-3 Silicon Carbide Field Effect Transistor (MOSFET) ROHS
2830505,manualWeld,manualWeld,THT,1,0,0.0,expand,
2830528,manualWeld,manualWeld,THT,5,5,0.0,expand,
2833056,manualWeld,manualWeld,THT,1,0,0.0,expand,
2833063,manualWeld,manualWeld,THT,5,5,0.0,expand,
2833570,manualWeld,manualWeld,THT,1,0,0.0,expand,
2833572,smtWeld,smtWeld,SMT,1,0,0.0,expand,"-40℃~+85℃ 100mA 130° 2kV 305nm~315nm 6V SMD,3.9x3.9mm Ultraviolet LEDs (UVLED) ROHS"
2833654,manualWeld,manualWeld,THT,5,0,0.0,expand,"1.5kV 310J 440pF@1kHz 550V 6.5kA 745V 819V~1.001kV 插件,P=7.5mm Varistors ROHS"
2835514,smtWeld,smtWeld,SMT,5,5,0.0,expand,
2835518,smtWeld,smtWeld,SMT,2,0,0.0,expand,
2839101,manualWeld,manualWeld,THT,1,0,0.0,expand,
2840286,manualWeld,manualWeld,THT,1,0,0.0,expand,-40℃~+85℃ 25MHz 3.3V、5V 7mA HCMOS ±500ppb SMD5032-10P Temperature Compensated Crystal Oscillators (TCXO) ROHS
2840290,manualWeld,manualWeld,THT,5,5,0.0,expand,
2842695,manualWeld,manualWeld,THT,5,0,0.0,expand,
2843287,manualWeld,manualWeld,THT,5,5,0.0,expand,
2844196,manualWeld,manualWeld,THT,5,5,0.0,expand,"-25℃~+105℃ 16mm 20mm 22uF 450V ±20% 插件,16x20mm Aluminum Electrolytic Capacitors - Leaded ROHS"
2846550,manualWeld,manualWeld,THT,5,5,0.0,expand,
2856310,manualWeld,manualWeld,THT,2,0,0.0,expand,
2859576,manualWeld,manualWeld,THT,5,0,0.0,expand,
2859604,manualWeld,manualWeld,THT,2,0,0.0,expand,
2860813,manualWeld,manualWeld,THT,5,0,0.0,expand,
2860972,manualWeld,manualWeld,THT,5,0,0.0,expand,
2861363,smtWeld,smtWeld,SMT,5,2,0.0,expand,"-55℃~+125℃ 1 1.5V、2.1V、3.85V 1.9V、2.9V、4.4V 100mV、440mV 10uA 2 2V~5.5V 500mV、900mV、1.65V 74AHC 8mA 8mA 9.5ns@5V,50pF AND Gate Overvoltage-tolerant input Push-pull Schmitt trigger SOT-23-5 Logic Gates ROHS"
2861371,manualWeld,manualWeld,THT,5,0,0.0,expand,"SOT-23-6 Buffers, Drivers, Receivers, Transceivers ROHS"
2861888,manualWeld,manualWeld,THT,5,0,0.0,expand,
2864455,smtWeld,smtWeld,SMT,5,0,0.0,expand,
2865389,manualWeld,manualWeld,THT,5,0,0.0,expand,
2866204,manualWeld,manualWeld,THT,5,0,0.0,expand,
2866460,manualWeld,manualWeld,THT,5,5,0.0,expand,
2867782,manualWeld,manualWeld,THT,5,0,0.0,expand,
2867925,manualWeld,manualWeld,THT,5,5,0.0,expand,
2868473,manualWeld,manualWeld,THT,1,0,0.0,expand,
2871586,manualWeld,manualWeld,THT,5,0,0.0,expand,
2872151,manualWeld,manualWeld,THT,5,0,0.0,expand,
2887507,manualWeld,manualWeld,THT,5,5,0.0,expand,-55℃~+150℃ 1.7V@1A 1A 35ns 5uA@600V 600V SOD-123FL Fast Recovery / High Efficiency Diodes ROHS
2887523,manualWeld,manualWeld,THT,5,5,0.0,expand,
2887544,manualWeld,manualWeld,THT,5,5,0.0,expand,
2887601,manualWeld,manualWeld,THT,5,5,0.0,expand,
2887615,manualWeld,manualWeld,THT,5,5,0.0,expand,
2887628,manualWeld,manualWeld,THT,5,0,0.0,expand,-55℃~+150℃@(Tj) 1.1V@12.5A 10uA@1kV 1kV 25A 350A Single-Phase Rectifier GBU Bridge Rectifiers ROHS
2887639,smtWeld,smtWeld,SMT,5,4,0.0,expand,
2887896,smtWeld,smtWeld,SMT,1,0,0.0,expand,
2889366,smtWeld,smtWeld,SMT,5,5,0.0,expand,
2891987,smtWeld,smtWeld,SMT,5,0,0.0,expand,
2892153,smtWeld,smtWeld,SMT,20,10,0.0,expand,
2892155,manualWeld,manualWeld,THT,5,5,0.0,expand,
2892162,manualWeld,manualWeld,THT,5,5,0.0,expand,
2892170,manualWeld,manualWeld,THT,5,5,0.0,expand,
2892172,manualWeld,manualWeld,THT,5,5,0.0,expand,
2892196,manualWeld,manualWeld,THT,5,5,0.0,expand,
2893049,manualWeld,manualWeld,THT,5,5,0.0,expand,
2896643,manualWeld,manualWeld,THT,1,0,0.0,expand,
2896644,manualWeld,manualWeld,THT,1,0,0.0,expand,
2904528,smtWeld,smtWeld,SMT,5,5,0.0,expand,
2904900,manualWeld,manualWeld,THT,5,5,0.0,expand,
2904902,manualWeld,manualWeld,THT,5,0,0.0,expand,
2905607,manualWeld,manualWeld,THT,5,5,0.0,expand,
2905610,manualWeld,manualWeld,THT,5,0,0.0,expand,SOT-223 Pre-ordered Products ROHS
2906779,manualWeld,manualWeld,THT,5,0,0.0,expand,
2908308,manualWeld,manualWeld,THT,5,5,0.0,expand,
2913033,manualWeld,manualWeld,THT,1,0,0.0,expand,
2913904,manualWeld,manualWeld,THT,5,5,0.0,expand,
2914327,manualWeld,manualWeld,THT,1,0,0.0,expand,
2916217,manualWeld,manualWeld,THT,1,0,0.0,expand,
2923679,manualWeld,manualWeld,THT,5,5,0.0,expand,
2924796,manualWeld,manualWeld,THT,5,0,0.0,expand,插件 DIP Switches ROHS
2924800,manualWeld,manualWeld,THT,5,0,0.0,expand,
2927730,manualWeld,manualWeld,THT,5,5,0.0,expand,
2927731,manualWeld,manualWeld,THT,5,5,0.0,expand,
2928343,manualWeld,manualWeld,THT,5,5,0.0,expand,"33uH Unshielded Inductor ±10% SMD,2.5x2.8mm Power Inductors ROHS"
2928928,manualWeld,manualWeld,THT,1,0,0.0,expand,
2931210,manualWeld,manualWeld,THT,1,0,0.0,expand,
2931737,manualWeld,manualWeld,THT,5,5,0.0,expand,
2931741,manualWeld,manualWeld,THT,5,5,0.0,expand,
2931755,manualWeld,manualWeld,THT,5,5,0.0,expand,
2931772,smtWeld,smtWeld,SMT,5,4,0.0,expand,
2931965,smtWeld,smtWeld,SMT,5,5,0.0,expand,
2931968,smtWeld,smtWeld,SMT,5,5,0.0,expand,
2936849,manualWeld,manualWeld,THT,1,0,0.0,expand,
2941408,manualWeld,manualWeld,THT,5,5,0.0,expand,
2943195,manualWeld,manualWeld,THT,1,0,0.0,expand,
2944844,manualWeld,manualWeld,THT,1,0,0.0,expand,
2960332,manualWeld,manualWeld,THT,5,5,0.0,expand,
2973644,manualWeld,manualWeld,THT,1,0,0.0,expand,
2973651,smtWeld,smtWeld,SMT,1,0,0.0,expand,
2973668,smtWeld,smtWeld,SMT,1,0,0.0,expand,
2973670,manualWeld,manualWeld,THT,1,0,0.0,expand,
2973800,manualWeld,manualWeld,THT,5,5,0.0,expand,
2974000,manualWeld,manualWeld,THT,1,0,0.0,expand,
2974001,manualWeld,manualWeld,THT,1,0,0.0,expand,"1.65V~2V 100,000 cycles 11uA 128Mbit 133MHz 20 Years 250us SPI WSON-8-EP(5x6) NOR FLASH ROHS"
2974609,manualWeld,manualWeld,THT,1,0,0.0,expand,
2976977,smtWeld,smtWeld,SMT,5,0,0.0,expand,
2979272,smtWeld,smtWeld,SMT,5,1,0.0,expand,
2979905,manualWeld,manualWeld,THT,2,0,0.0,expand,
2982861,manualWeld,manualWeld,THT,2,0,0.0,expand,
2983022,smtWeld,smtWeld,SMT,20,6,0.0,expand,
2983827,manualWeld,manualWeld,THT,5,0,0.0,expand,
2983837,manualWeld,manualWeld,THT,5,5,0.0,expand,SOT23-8 Operational Amplifier ROHS
2983843,smtWeld,smtWeld,SMT,5,0,0.0,expand,SOT-23-6 DC-DC Converters ROHS
2984687,manualWeld,manualWeld,THT,5,5,0.0,expand,"-55℃~+250℃ 10Ω 5W 750V Cement Resistor ±5% 插件,P=4.5mm Through Hole Resistors ROHS"
2986325,manualWeld,manualWeld,THT,1,0,0.0,expand,
2987754,manualWeld,manualWeld,THT,5,5,0.0,expand,
2988427,manualWeld,manualWeld,THT,1,0,0.0,expand,
2988506,manualWeld,manualWeld,THT,1,0,0.0,expand,
2992000,manualWeld,manualWeld,THT,5,5,0.0,expand,
2997131,manualWeld,manualWeld,THT,5,5,0.0,expand,
2999058,manualWeld,manualWeld,THT,5,0,0.0,expand,
3003563,manualWeld,manualWeld,THT,1,0,0.0,expand,
3008463,manualWeld,manualWeld,THT,5,0,0.0,expand,
3011291,manualWeld,manualWeld,THT,5,0,0.0,expand,
3013910,manualWeld,manualWeld,THT,1,0,0.0,expand,
3013911,manualWeld,manualWeld,THT,1,0,0.0,expand,
3015166,manualWeld,manualWeld,THT,1,0,0.0,expand,108MHz 12bit 12bit 512KB 80 FLASH LQFP-100(14x14) Microcontrollers (MCU/MPU/SOC) ROHS
3015493,manualWeld,manualWeld,THT,2,0,0.0,expand,
423355,manualWeld,manualWeld,THT,5,5,0.0,expand,
67495,manualWeld,manualWeld,THT,5,5,0.0,expand,
268090,manualWeld,manualWeld,THT,5,5,0.0,expand,
2997131,manualWeld,manualWeld,THT,5,5,0.0,expand,
1623760,manualWeld,manualWeld,THT,1,0,0.0,expand,
968077,manualWeld,manualWeld,THT,5,5,0.0,expand,
596812,manualWeld,manualWeld,THT,5,5,0.0,expand,
1623694,manualWeld,manualWeld,THT,1,0,0.0,expand,
115595,manualWeld,manualWeld,THT,5,5,0.0,expand,
1550661,manualWeld,manualWeld,THT,5,5,0.0,expand,
2905610,manualWeld,manualWeld,THT,5,5,0.0,expand,
367591,manualWeld,manualWeld,THT,5,5,0.0,expand,
513253,manualWeld,manualWeld,THT,5,5,0.0,expand,
183687,manualWeld,manualWeld,THT,5,5,0.0,expand,
124768,manualWeld,manualWeld,THT,5,5,0.0,expand,
2892172,manualWeld,manualWeld,THT,5,5,0.0,expand,
596741,manualWeld,manualWeld,THT,5,5,0.0,expand,
715952,manualWeld,manualWeld,THT,1,0,0.0,expand,
1623693,manualWeld,manualWeld,THT,1,0,0.0,expand,
1623758,manualWeld,manualWeld,THT,1,0,0.0,expand,
18330,manualWeld,manualWeld,THT,5,5,0.0,expand,
217648,manualWeld,manualWeld,THT,5,5,0.0,expand,
2653819,manualWeld,manualWeld,THT,5,5,0.0,expand,
1623783,manualWeld,manualWeld,THT,1,0,0.0,expand,
180290,manualWeld,manualWeld,THT,5,5,0.0,expand,
123437,manualWeld,manualWeld,THT,5,5,0.0,expand,
2760006,manualWeld,manualWeld,THT,5,5,0.0,expand,
246415,manualWeld,manualWeld,THT,5,5,0.0,expand,
969104,manualWeld,manualWeld,THT,5,5,0.0,expand,
722174,manualWeld,manualWeld,THT,1,0,0.0,expand,
529223,manualWeld,manualWeld,THT,5,5,0.0,expand,
2762761,manualWeld,manualWeld,THT,5,5,0.0,expand,
2663035,manualWeld,manualWeld,THT,5,5,0.0,expand,
2761045,manualWeld,manualWeld,THT,5,5,0.0,expand,
2931755,manualWeld,manualWeld,THT,5,5,0.0,expand,
267243,manualWeld,manualWeld,THT,5,5,0.0,expand,
513262,manualWeld,manualWeld,THT,5,5,0.0,expand,
1621752,manualWeld,manualWeld,THT,1,0,0.0,expand,
1550893,manualWeld,manualWeld,THT,5,5,0.0,expand,
2923679,manualWeld,manualWeld,THT,5,5,0.0,expand,
19077466,smtWeld,smtWeld,SMT,20,6,0.0,expand,
19077472,smtWeld,smtWeld,SMT,10,4,0.0,expand,
19077483,smtWeld,smtWeld,SMT,5,4,0.0,expand,
19077483,smtWeld,smtWeld,SMT,5,4,0.0,expand,
19077532,smtWeld,smtWeld,SMT,5,2,0.0,expand,
2892786,smtWeld,smtWeld,SMT,20,5,0.0,expand,
9900002510,manualWeld,manualWeld,THT,5,5,0.0,expand,
19077510,smtWeld,smtWeld,SMT,15,4,0.0,expand,
7502719,smtWeld,smtWeld,SMT,20,6,0.0,expand,
19077536,smtWeld,smtWeld,SMT,5,2,0.0,expand,
18199194,smtWeld,smtWeld,SMT,5,2,0.0,expand,
18199120,smtWeld,smtWeld,SMT,2,0,0.0,expand,
18199122,smtWeld,smtWeld,SMT,15,4,0.0,expand,
18199136,smtWeld,smtWeld,SMT,2,0,0.0,expand,
18199141,smtWeld,smtWeld,SMT,5,2,0.0,expand,
18199160,smtWeld,smtWeld,SMT,5,2,0.0,expand,
19077486,smtWeld,smtWeld,SMT,5,4,0.0,expand,
19077492,smtWeld,smtWeld,SMT,5,4,0.0,expand,
28646278,smtWeld,smtWeld,SMT,5,2,0.0,expand,-55℃~+150℃ 150A 1mA@40V 40V 450mV@5A 5A Standalone SMB Schottky Diodes ROHS
28646279,smtWeld,smtWeld,SMT,5,2,0.0,expand,
28646280,smtWeld,smtWeld,SMT,5,2,0.0,expand,-55℃~+125℃ 2A 40V 450mV@2A 500uA@40V 50A Standalone SMB Schottky Diodes ROHS
28646281,smtWeld,smtWeld,SMT,5,4,0.0,expand,
28646282,smtWeld,smtWeld,SMT,5,2,0.0,expand,
28646284,smtWeld,smtWeld,SMT,5,2,0.0,expand,
28646286,smtWeld,smtWeld,SMT,5,2,0.0,expand,
41375118,smtWeld,smtWeld,SMT,5,2,0.0,expand,
41376089,smtWeld,smtWeld,SMT,15,4,0.0,expand,
41376090,smtWeld,smtWeld,SMT,15,4,0.0,expand,
41376091,smtWeld,smtWeld,SMT,15,4,0.0,expand,
41376092,smtWeld,smtWeld,SMT,15,4,0.0,expand,
41376094,smtWeld,smtWeld,SMT,2,0,0.0,expand,
41376104,smtWeld,smtWeld,SMT,5,2,0.0,expand,
41410770,smtWeld,smtWeld,SMT,5,2,0.0,expand,
41410771,smtWeld,smtWeld,SMT,5,2,0.0,expand,
41410773,smtWeld,smtWeld,SMT,5,2,0.0,expand,
41410774,smtWeld,smtWeld,SMT,5,2,0.0,expand,
41410776,smtWeld,smtWeld,SMT,5,2,0.0,expand,
41410780,smtWeld,smtWeld,SMT,5,2,0.0,expand,
41410783,smtWeld,smtWeld,SMT,5,2,0.0,expand,-55℃~+150℃ 200uA@80V 3A 80A 80V 850mV@3A Standalone SMB Schottky Diodes ROHS
41410784,smtWeld,smtWeld,SMT,2,0,0.0,expand,-55℃~+125℃ 120A 150uA@20V 20V 550mV@5A 5A Standalone SMC Schottky Diodes ROHS
41410785,smtWeld,smtWeld,SMT,2,0,0.0,expand,-55℃~+150℃ 120A 150uA@80V 5A 80V 850mV@5A Standalone SMC Schottky Diodes ROHS
41410788,smtWeld,smtWeld,SMT,5,2,0.0,expand,
41410789,smtWeld,smtWeld,SMT,5,2,0.0,expand,
41410794,smtWeld,smtWeld,SMT,5,2,0.0,expand,
41410796,smtWeld,smtWeld,SMT,15,4,0.0,expand,
41410797,smtWeld,smtWeld,SMT,20,6,0.0,expand,
41410798,smtWeld,smtWeld,SMT,20,6,0.0,expand,
41410799,smtWeld,smtWeld,SMT,20,6,0.0,expand,
41410800,smtWeld,smtWeld,SMT,20,6,0.0,expand,
41410802,smtWeld,smtWeld,SMT,20,6,0.0,expand,
41411741,smtWeld,smtWeld,SMT,5,4,0.0,expand,
41411742,smtWeld,smtWeld,SMT,5,4,0.0,expand,
41411744,smtWeld,smtWeld,SMT,2,0,0.0,expand,
41411745,smtWeld,smtWeld,SMT,2,0,0.0,expand,
41411746,smtWeld,smtWeld,SMT,2,0,0.0,expand,
41411749,smtWeld,smtWeld,SMT,2,0,0.0,expand,
41411751,smtWeld,smtWeld,SMT,2,0,0.0,expand,
41411755,smtWeld,smtWeld,SMT,2,0,0.0,expand,
41411757,smtWeld,smtWeld,SMT,2,0,0.0,expand,
41411758,smtWeld,smtWeld,SMT,2,0,0.0,expand,
41411759,smtWeld,smtWeld,SMT,2,0,0.0,expand,
41411760,smtWeld,smtWeld,SMT,2,0,0.0,expand,
41411761,smtWeld,smtWeld,SMT,2,0,0.0,expand,
41411763,smtWeld,smtWeld,SMT,2,0,0.0,expand,
41411765,smtWeld,smtWeld,SMT,2,0,0.0,expand,
41411768,smtWeld,smtWeld,SMT,15,4,0.0,expand,
41411769,smtWeld,smtWeld,SMT,5,2,0.0,expand,
41411774,smtWeld,smtWeld,SMT,5,4,0.0,expand,
41411775,smtWeld,smtWeld,SMT,5,4,0.0,expand,
41411776,smtWeld,smtWeld,SMT,5,2,0.0,expand,
41411777,smtWeld,smtWeld,SMT,5,2,0.0,expand,-55℃~+150℃ 100V 3A 500uA@100V 600mV@3A 80A Standalone SMAF Schottky Diodes ROHS
41411778,smtWeld,smtWeld,SMT,5,2,0.0,expand,
41411779,smtWeld,smtWeld,SMT,5,2,0.0,expand,
41411781,smtWeld,smtWeld,SMT,5,2,0.0,expand,
41411782,smtWeld,smtWeld,SMT,15,4,0.0,expand,
42371538,smtWeld,smtWeld,SMT,2,0,0.0,expand,
42371542,smtWeld,smtWeld,SMT,2,0,0.0,expand,-55℃~+150℃ 1 1.5kW@10/1000us 100V 123V 162V 1uA 9.3A IEC 61000-4-2 TVS Unidirectional SMC(DO-214AB) ESD and Surge Protection (TVS/ESD) ROHS
42371543,smtWeld,smtWeld,SMT,2,0,0.0,expand,
42371544,smtWeld,smtWeld,SMT,2,0,0.0,expand,
42371545,smtWeld,smtWeld,SMT,2,0,0.0,expand,
42371547,smtWeld,smtWeld,SMT,2,0,0.0,expand,
42371548,smtWeld,smtWeld,SMT,2,0,0.0,expand,
42371549,smtWeld,smtWeld,SMT,2,0,0.0,expand,
42371550,smtWeld,smtWeld,SMT,2,0,0.0,expand,-55℃~+150℃ 1 1.5kW@10/1000us 15V 18.5V 1uA 24.4V 61.5A IEC 61000-4-2 TVS Unidirectional SMC(DO-214AB) ESD and Surge Protection (TVS/ESD) ROHS
42371551,smtWeld,smtWeld,SMT,2,0,0.0,expand,
42371552,smtWeld,smtWeld,SMT,2,0,0.0,expand,
42371555,smtWeld,smtWeld,SMT,2,0,0.0,expand,
42371556,smtWeld,smtWeld,SMT,2,0,0.0,expand,
42371557,smtWeld,smtWeld,SMT,2,0,0.0,expand,
42371558,smtWeld,smtWeld,SMT,2,0,0.0,expand,
42371716,smtWeld,smtWeld,SMT,2,0,0.0,expand,
42371719,smtWeld,smtWeld,SMT,2,0,0.0,expand,-55℃~+150℃ 1 2uA 3kW@10/1000us 41.3A 45V 55.3V 72.7V Bidirectional IEC 61000-4-2 TVS SMC(DO-214AB) ESD and Surge Protection (TVS/ESD) ROHS
42371721,smtWeld,smtWeld,SMT,2,0,0.0,expand,
42371722,smtWeld,smtWeld,SMT,2,0,0.0,expand,
42371723,smtWeld,smtWeld,SMT,2,0,0.0,expand,
42371724,smtWeld,smtWeld,SMT,2,0,0.0,expand,
42371725,smtWeld,smtWeld,SMT,2,0,0.0,expand,
42371727,smtWeld,smtWeld,SMT,2,0,0.0,expand,
42371730,smtWeld,smtWeld,SMT,2,0,0.0,expand,
42371731,smtWeld,smtWeld,SMT,5,2,0.0,expand,
42371733,smtWeld,smtWeld,SMT,5,2,0.0,expand,
42371737,smtWeld,smtWeld,SMT,5,2,0.0,expand,
42371738,smtWeld,smtWeld,SMT,5,2,0.0,expand,
42371739,smtWeld,smtWeld,SMT,5,2,0.0,expand,
42371741,smtWeld,smtWeld,SMT,5,2,0.0,expand,
42371743,smtWeld,smtWeld,SMT,5,2,0.0,expand,
42371745,smtWeld,smtWeld,SMT,5,2,0.0,expand,
42371747,smtWeld,smtWeld,SMT,15,4,0.0,expand,
42371749,smtWeld,smtWeld,SMT,15,4,0.0,expand,
42371750,smtWeld,smtWeld,SMT,15,4,0.0,expand,
42371752,smtWeld,smtWeld,SMT,15,4,0.0,expand,
42371753,smtWeld,smtWeld,SMT,15,4,0.0,expand,
42371754,smtWeld,smtWeld,SMT,15,4,0.0,expand,
42371755,smtWeld,smtWeld,SMT,15,4,0.0,expand,
42371756,smtWeld,smtWeld,SMT,15,4,0.0,expand,
42371757,smtWeld,smtWeld,SMT,15,4,0.0,expand,
42371760,smtWeld,smtWeld,SMT,15,4,0.0,expand,-55℃~+150℃ 100uA@1V 2.28V~2.52V、2.28V~2.52V 2.4V、2.4V 30Ω、30Ω 500mW、500mW SOD-123 Zener Diodes ROHS
42387454,smtWeld,smtWeld,SMT,20,6,0.0,expand,-55℃~+150℃ 1 Independent 10.78V~11.22V 100nA@8V 11V、11V 150Ω 200mW、200mW 20Ω SOD-323 Zener Diodes ROHS
42394394,smtWeld,smtWeld,SMT,5,2,0.0,expand,
42394395,smtWeld,smtWeld,SMT,5,2,0.0,expand,
42394396,smtWeld,smtWeld,SMT,5,2,0.0,expand,
42394397,smtWeld,smtWeld,SMT,5,2,0.0,expand,-55℃~+150℃ 1 11.27A 1uA 22V 26.9V 35.5V 400W@10/1000us Bidirectional IEC 61000-4-2 TVS DO-214AC(SMA) ESD and Surge Protection (TVS/ESD) ROHS
42394398,smtWeld,smtWeld,SMT,5,2,0.0,expand,
42394399,smtWeld,smtWeld,SMT,5,2,0.0,expand,
42394400,smtWeld,smtWeld,SMT,5,2,0.0,expand,
42394401,smtWeld,smtWeld,SMT,5,2,0.0,expand,
42394402,smtWeld,smtWeld,SMT,5,2,0.0,expand,
42394403,smtWeld,smtWeld,SMT,5,2,0.0,expand,
42394406,smtWeld,smtWeld,SMT,5,2,0.0,expand,
42394408,smtWeld,smtWeld,SMT,5,2,0.0,expand,
42394410,smtWeld,smtWeld,SMT,5,2,0.0,expand,
42394412,smtWeld,smtWeld,SMT,5,2,0.0,expand,-55℃~+150℃ 1 171V 2.2A 210V 274V 5uA 600W IEC 61000-4-2 TVS Unidirectional SMB ESD and Surge Protection (TVS/ESD) ROHS
42394417,smtWeld,smtWeld,SMT,5,2,0.0,expand,
42394420,smtWeld,smtWeld,SMT,2,0,0.0,expand,
42394428,smtWeld,smtWeld,SMT,2,0,0.0,expand,
42394438,smtWeld,smtWeld,SMT,2,0,0.0,expand,
42394457,smtWeld,smtWeld,SMT,2,0,0.0,expand,
42406051,smtWeld,smtWeld,SMT,5,1,0.0,expand,
42406052,smtWeld,smtWeld,SMT,5,1,0.0,expand,
42406053,smtWeld,smtWeld,SMT,2,0,0.0,expand,
42406055,manualWeld,manualWeld,THT,1,0,0.0,expand,
42406056,manualWeld,manualWeld,THT,2,0,0.0,expand,
42406057,manualWeld,manualWeld,THT,1,0,0.0,expand,
42406058,manualWeld,manualWeld,THT,1,0,0.0,expand,
42406059,manualWeld,manualWeld,THT,1,0,0.0,expand,
42406060,manualWeld,manualWeld,THT,2,0,0.0,expand,
42406061,manualWeld,manualWeld,THT,2,0,0.0,expand,
42406062,manualWeld,manualWeld,THT,2,0,0.0,expand,
42406063,manualWeld,manualWeld,THT,1,0,0.0,expand,-55℃~+150℃ 10uA 15A 380A 600V 920mV@7.5A Single-Phase Rectifier GBJ Bridge Rectifiers ROHS
42406064,manualWeld,manualWeld,THT,2,0,0.0,expand,
42406065,manualWeld,manualWeld,THT,2,0,0.0,expand,
42406066,manualWeld,manualWeld,THT,2,0,0.0,expand,
42406067,manualWeld,manualWeld,THT,2,0,0.0,expand,
42406068,manualWeld,manualWeld,THT,2,0,0.0,expand,
42406069,manualWeld,manualWeld,THT,2,0,0.0,expand,
42406070,manualWeld,manualWeld,THT,2,0,0.0,expand,
42406071,manualWeld,manualWeld,THT,2,0,0.0,expand,
42406072,manualWeld,manualWeld,THT,2,0,0.0,expand,
42406073,manualWeld,manualWeld,THT,2,0,0.0,expand,
42406074,manualWeld,manualWeld,THT,2,0,0.0,expand,
42406075,manualWeld,manualWeld,THT,2,0,0.0,expand,
42413887,smtWeld,smtWeld,SMT,5,4,0.0,expand,
42413893,smtWeld,smtWeld,SMT,5,4,0.0,expand,
42413899,smtWeld,smtWeld,SMT,5,4,0.0,expand,
42413902,smtWeld,smtWeld,SMT,10,4,0.0,expand,
42413903,smtWeld,smtWeld,SMT,5,4,0.0,expand,
42413904,smtWeld,smtWeld,SMT,5,4,0.0,expand,
42413905,smtWeld,smtWeld,SMT,5,4,0.0,expand,
42413906,smtWeld,smtWeld,SMT,10,4,0.0,expand,
7502704,manualWeld,manualWeld,THT,5,5,0.0,expand,
7502728,manualWeld,manualWeld,THT,2,0,0.0,expand,
41411741,smtWeld,smtWeld,SMT,2,0,0.0,expand,
42371745,smtWeld,smtWeld,SMT,2,0,0.0,expand,
42406052,smtWeld,smtWeld,SMT,5,1,0.0,expand,
42387454,smtWeld,smtWeld,SMT,20,6,0.0,expand,
41411758,smtWeld,smtWeld,SMT,2,0,0.0,expand,
41411776,smtWeld,smtWeld,SMT,2,0,0.0,expand,
41410776,smtWeld,smtWeld,SMT,5,2,0.0,expand,
42406057,manualWeld,manualWeld,THT,1,0,0.0,expand,
41410800,smtWeld,smtWeld,SMT,20,6,0.0,expand,
42394438,smtWeld,smtWeld,SMT,2,0,0.0,expand,
42371755,smtWeld,smtWeld,SMT,15,4,0.0,expand,
42394399,smtWeld,smtWeld,SMT,2,0,0.0,expand,
18199121,smtWeld,smtWeld,SMT,2,0,0.0,expand,
19077566,smtWeld,smtWeld,SMT,5,2,0.0,expand,
19077589,smtWeld,smtWeld,SMT,5,2,0.0,expand,
18199128,smtWeld,smtWeld,SMT,15,4,0.0,expand,
19077531,smtWeld,smtWeld,SMT,5,4,0.0,expand,
7502729,smtWeld,smtWeld,SMT,10,4,0.0,expand,
18199127,smtWeld,smtWeld,SMT,15,4,0.0,expand,
19077579,smtWeld,smtWeld,SMT,5,2,0.0,expand,
19077579,smtWeld,smtWeld,SMT,5,2,0.0,expand,
18199184,smtWeld,smtWeld,SMT,5,2,0.0,expand,
18199189,smtWeld,smtWeld,SMT,2,0,0.0,expand,-55℃~+150℃ 120A 200V 50uA@200V 5A 950mV@5A Standalone SMC Schottky Diodes ROHS
18199116,smtWeld,smtWeld,SMT,15,4,0.0,expand,
18199192,smtWeld,smtWeld,SMT,2,0,0.0,expand,
18199195,smtWeld,smtWeld,SMT,5,2,0.0,expand,
19077552,smtWeld,smtWeld,SMT,5,2,0.0,expand,
19077561,smtWeld,smtWeld,SMT,5,2,0.0,expand,
19077561,smtWeld,smtWeld,SMT,5,4,0.0,expand,
19077582,smtWeld,smtWeld,SMT,5,2,0.0,expand,
17179589,smtWeld,smtWeld,SMT,10,4,0.0,expand,
19077545,smtWeld,smtWeld,SMT,5,4,0.0,expand,
19077558,smtWeld,smtWeld,SMT,5,2,0.0,expand,
18199114,smtWeld,smtWeld,SMT,15,4,0.0,expand,
18199181,smtWeld,smtWeld,SMT,5,2,0.0,expand,
19077509,smtWeld,smtWeld,SMT,15,4,0.0,expand,
19077526,smtWeld,smtWeld,SMT,5,2,0.0,expand,
19077526,smtWeld,smtWeld,SMT,5,4,0.0,expand,
19077584,smtWeld,smtWeld,SMT,5,2,0.0,expand,
18199187,smtWeld,smtWeld,SMT,2,0,0.0,expand,
18199085,smtWeld,smtWeld,SMT,15,4,0.0,expand,
14709,smtWeld,smtWeld,SMT,20,10,0.0,base,
109227,smtWeld,smtWeld,SMT,2,4,0.0,base,
115450,smtWeld,smtWeld,SMT,5,4,0.0,base,"-55℃~+110℃ 1 1.2V 200mW 2us 3.75kV 3us 400mV@8mA,2.4mA 50% 50mA 50mA 600% 6V 70V DC Phototransistor SOP-4-175mil Transistor, Photovoltaic Output Optoisolators ROHS"
720477,smtWeld,smtWeld,SMT,5,4,0.0,base,
109227,smtWeld,smtWeld,SMT,5,4,0.0,base,
18199188,smtWeld,smtWeld,SMT,2,0,0.0,expand,
18199179,smtWeld,smtWeld,SMT,5,4,0.0,expand,
19077585,smtWeld,smtWeld,SMT,5,2,0.0,expand,
19077551,smtWeld,smtWeld,SMT,5,4,0.0,expand,
19077551,smtWeld,smtWeld,SMT,15,4,0.0,expand,
18199163,smtWeld,smtWeld,SMT,5,2,0.0,expand,
89811,smtWeld,smtWeld,SMT,20,6,0.0,expand,
42432283,smtWeld,smtWeld,SMT,5,1,0.0,expand,
42432160,smtWeld,smtWeld,SMT,5,2,0.0,expand,
18199185,smtWeld,smtWeld,SMT,5,2,0.0,expand,
18199146,smtWeld,smtWeld,SMT,5,4,0.0,expand,
18199092,smtWeld,smtWeld,SMT,15,4,0.0,expand,
19077581,smtWeld,smtWeld,SMT,5,2,0.0,expand,
18199186,smtWeld,smtWeld,SMT,5,2,0.0,expand,100V 20uA@100V 2A 850mV@2A Standalone SMB Schottky Diodes ROHS
7502689,smtWeld,smtWeld,SMT,10,4,0.0,expand,
7502690,smtWeld,smtWeld,SMT,10,4,0.0,expand,
7502698,smtWeld,smtWeld,SMT,20,6,0.0,expand,
7502703,smtWeld,smtWeld,SMT,20,6,0.0,expand,
7502705,smtWeld,smtWeld,SMT,15,4,0.0,expand,-55℃~+150℃ 200mA 2uA 30V 600mA 800mV@100mA Standalone SOD-123 Schottky Diodes ROHS
7502706,smtWeld,smtWeld,SMT,15,4,0.0,expand,
7502709,smtWeld,smtWeld,SMT,5,4,0.0,expand,
7502711,smtWeld,smtWeld,SMT,15,4,0.0,expand,
7502721,smtWeld,smtWeld,SMT,20,6,0.0,expand,
7502722,smtWeld,smtWeld,SMT,20,6,0.0,expand,
7502723,smtWeld,smtWeld,SMT,10,4,0.0,expand,-55℃~+150℃ 1 Independent 1.25V@150mA 150mA 2.5uA 2A 350mW 4ns 75V SOT-23 Switching Diodes ROHS
7502724,smtWeld,smtWeld,SMT,10,4,0.0,expand,
7502725,smtWeld,smtWeld,SMT,10,4,0.0,expand,
7502731,smtWeld,smtWeld,SMT,10,4,0.0,expand,
17179590,smtWeld,smtWeld,SMT,10,4,0.0,expand,
18199089,smtWeld,smtWeld,SMT,15,4,0.0,expand,
18199091,smtWeld,smtWeld,SMT,15,4,0.0,expand,
18199113,smtWeld,smtWeld,SMT,15,4,0.0,expand,
18199115,smtWeld,smtWeld,SMT,15,4,0.0,expand,
18199129,smtWeld,smtWeld,SMT,15,4,0.0,expand,-55℃~+150℃ 1 Independent 1.7V@1A 1A 30A 5uA@800V 75ns 800V SMA(DO-214AC) Fast Recovery / High Efficiency Diodes ROHS
18199130,smtWeld,smtWeld,SMT,2,0,0.0,expand,
18199131,smtWeld,smtWeld,SMT,2,0,0.0,expand,
18199135,smtWeld,smtWeld,SMT,5,2,0.0,expand,
18199142,smtWeld,smtWeld,SMT,5,2,0.0,expand,
18199143,smtWeld,smtWeld,SMT,5,2,0.0,expand,
18199145,smtWeld,smtWeld,SMT,2,0,0.0,expand,-55℃~+150℃ 1 Independent 1.3V@5A 150A 2uA@400V 35ns 400V 5A SMC Fast Recovery / High Efficiency Diodes ROHS
18199162,smtWeld,smtWeld,SMT,5,2,0.0,expand,-55℃~+150℃ 1 Independent 1V@2A 200V 2A 2uA@200V 35ns 50A SMB Fast Recovery / High Efficiency Diodes ROHS
18199165,smtWeld,smtWeld,SMT,2,2,0.0,expand,
18199166,smtWeld,smtWeld,SMT,2,0,0.0,expand,-55℃~+150℃ 1 Independent 1.7V@5A 150A 2uA@600V 35ns 5A 600V SMC Fast Recovery / High Efficiency Diodes ROHS
18199167,smtWeld,smtWeld,SMT,2,0,0.0,expand,
18199180,smtWeld,smtWeld,SMT,5,2,0.0,expand,
18199182,smtWeld,smtWeld,SMT,5,2,0.0,expand,
18199191,smtWeld,smtWeld,SMT,2,0,0.0,expand,
18199199,smtWeld,smtWeld,SMT,15,4,0.0,expand,
18199201,smtWeld,smtWeld,SMT,15,4,0.0,expand,
18199204,smtWeld,smtWeld,SMT,5,2,0.0,expand,-55℃~+150℃ 120A 200V 50uA@200V 5A 950mV@5A Standalone SMB Schottky Diodes ROHS
18199205,smtWeld,smtWeld,SMT,5,2,0.0,expand,
18199207,smtWeld,smtWeld,SMT,2,0,0.0,expand,-55℃~+125℃ 150A 40V 500uA@40V 550mV@8A 8A Standalone SMC Schottky Diodes ROHS
18199208,smtWeld,smtWeld,SMT,2,0,0.0,expand,
18199210,smtWeld,smtWeld,SMT,2,0,0.0,expand,
18199212,smtWeld,smtWeld,SMT,2,0,0.0,expand,
19077500,smtWeld,smtWeld,SMT,15,4,0.0,expand,
19077511,smtWeld,smtWeld,SMT,15,4,0.0,expand,
19077523,smtWeld,smtWeld,SMT,5,4,0.0,expand,
19077527,smtWeld,smtWeld,SMT,5,4,0.0,expand,-55℃~+150℃ 1 11.2V 35.7A@10/1000us 400W@10/1000us 500uA 6.5V 7.98V Bidirectional IEC 61000-4-2 TVS DO-214AC(SMA) ESD and Surge Protection (TVS/ESD) ROHS
19077538,smtWeld,smtWeld,SMT,15,4,0.0,expand,
19077542,smtWeld,smtWeld,SMT,5,2,0.0,expand,-55℃~+150℃ 1 10.3A@10/1000us 1uA 24V 29.5V 38.9V 400W@10/1000us Bidirectional IEC 61000-4-2 TVS DO-214AC(SMA) ESD and Surge Protection (TVS/ESD) ROHS
19077544,smtWeld,smtWeld,SMT,5,4,0.0,expand,
19077547,smtWeld,smtWeld,SMT,5,4,0.0,expand,
19077550,smtWeld,smtWeld,SMT,5,4,0.0,expand,
19077588,smtWeld,smtWeld,SMT,5,2,0.0,expand,
19077591,smtWeld,smtWeld,SMT,5,2,0.0,expand,
19077596,smtWeld,smtWeld,SMT,5,2,0.0,expand,
19627026,smtWeld,smtWeld,SMT,20,6,0.0,expand,
7502698,manualWeld,manualWeld,THT,5,5,0.0,expand,
7502705,manualWeld,manualWeld,THT,5,5,0.0,expand,
7502709,smtWeld,smtWeld,SMT,5,4,0.0,expand,
18199201,manualWeld,manualWeld,THT,5,5,0.0,expand,
19077596,manualWeld,manualWeld,THT,5,5,0.0,expand,
19077550,manualWeld,manualWeld,THT,5,5,0.0,expand,
18199191,manualWeld,manualWeld,THT,5,5,0.0,expand,
18199200,smtWeld,smtWeld,SMT,5,4,0.0,expand,-55℃~+150℃ 200V 3A 50uA@200V 80A 950mV@3A Standalone SMAF Schottky Diodes ROHS
7502696,smtWeld,smtWeld,SMT,20,6,0.0,expand,
7502686,smtWeld,smtWeld,SMT,10,4,0.0,expand,
6847463,smtWeld,smtWeld,SMT,1,0,0.0,expand,"-40℃~+125℃ 1.7V~2V 100,000 cycles 133MHz 15uA 20 Years 512Mbit SPI FBGA-24 NOR FLASH ROHS"
7502727,smtWeld,smtWeld,SMT,10,4,0.0,expand,
